txn_id,user_id,txn_date,amount,ingestion_date
1,427,2024-01-08,2353,2024-01-08
2,225,2024-01-15,939,2024-01-15
3,446,2024-02-17,812,2024-02-27
4,402,2024-01-28,344,2024-01-28
5,147,2024-01-14,4239,2024-01-15
6,408,2024-01-02,1728,2024-01-12
7,466,2024-02-11,3536,2024-02-21
8,212,2024-01-29,2378,2024-02-13
9,103,2024-02-18,3562,2024-02-18
10,274,2024-01-18,1863,2024-01-18
11,490,2024-01-22,859,2024-01-22
12,294,2024-01-07,2917,2024-01-10
13,409,2024-01-17,3863,2024-01-17
14,374,2024-01-08,745,2024-01-13
15,382,2024-01-19,3062,2024-02-03
16,395,2024-01-13,475,2024-01-13
17,438,2024-01-15,753,2024-01-17
18,219,2024-02-25,3213,2024-02-25
19,242,2024-01-30,1432,2024-02-02
20,289,2024-01-23,2287,2024-01-24
21,459,2024-02-29,1501,2024-02-29
22,373,2024-02-16,1438,2024-02-17
23,336,2024-01-25,4662,2024-01-27
24,212,2024-02-13,558,2024-02-16
25,217,2024-02-22,2684,2024-02-22
26,305,2024-01-18,1828,2024-01-18
27,390,2024-02-26,1841,2024-02-29
28,435,2024-02-01,3858,2024-02-06
29,173,2024-01-17,2120,2024-01-17
30,481,2024-02-05,2252,2024-02-15
31,482,2024-02-07,4880,2024-02-12
32,304,2024-01-24,1233,2024-01-25
33,360,2024-02-01,485,2024-02-01
34,156,2024-01-10,3558,2024-01-10
35,405,2024-01-05,3226,2024-01-10
36,405,2024-01-30,2159,2024-02-09
37,383,2024-02-25,1038,2024-02-25
38,449,2024-02-26,2285,2024-03-07
39,493,2024-02-11,1013,2024-02-14
40,250,2024-01-28,3816,2024-01-28
41,101,2024-02-16,4200,2024-02-18
42,490,2024-01-12,971,2024-01-22
43,420,2024-01-20,1729,2024-01-30
44,178,2024-01-24,4518,2024-01-24
45,498,2024-02-29,104,2024-03-10
46,406,2024-01-21,259,2024-01-28
47,157,2024-02-29,2619,2024-03-03
48,222,2024-01-04,4747,2024-01-05
49,140,2024-01-06,666,2024-01-13
50,489,2024-02-04,1151,2024-02-04
51,437,2024-01-31,1452,2024-02-10
52,235,2024-02-03,3566,2024-02-18
53,208,2024-02-29,1747,2024-03-10
54,465,2024-01-20,3159,2024-01-25
55,324,2024-02-27,3798,2024-03-08
56,161,2024-01-16,624,2024-01-17
57,273,2024-01-02,4637,2024-01-17
58,217,2024-02-07,158,2024-02-08
59,136,2024-02-15,1975,2024-02-15
60,134,2024-02-27,2806,2024-02-27
61,136,2024-02-02,2381,2024-02-03
62,442,2024-02-01,4517,2024-02-02
63,167,2024-02-16,4820,2024-03-02
64,342,2024-01-16,3434,2024-01-23
65,197,2024-01-07,3631,2024-01-07
66,281,2024-01-28,3925,2024-02-02
67,473,2024-01-04,596,2024-01-04
68,306,2024-02-16,995,2024-02-19
69,227,2024-01-13,4493,2024-01-14
70,329,2024-01-09,1603,2024-01-14
71,242,2024-01-30,717,2024-01-31
72,326,2024-02-21,902,2024-03-02
73,125,2024-02-11,220,2024-02-21
74,147,2024-02-29,1462,2024-03-01
75,308,2024-02-01,1851,2024-02-08
76,305,2024-02-27,1448,2024-02-27
77,294,2024-01-01,2272,2024-01-06
78,332,2024-01-19,4652,2024-01-24
79,438,2024-02-15,1368,2024-02-22
80,197,2024-01-19,579,2024-01-20
81,396,2024-02-17,599,2024-02-27
82,482,2024-01-21,510,2024-01-21
83,399,2024-01-31,4450,2024-02-10
84,180,2024-01-04,756,2024-01-14
85,195,2024-01-05,656,2024-01-20
86,445,2024-02-25,3407,2024-02-26
87,161,2024-02-26,2116,2024-03-12
88,396,2024-02-08,771,2024-02-08
89,314,2024-02-12,4730,2024-02-27
90,367,2024-01-21,1773,2024-01-23
91,442,2024-02-15,2055,2024-02-18
92,235,2024-01-26,2557,2024-01-26
93,334,2024-01-21,176,2024-01-21
94,334,2024-02-09,919,2024-02-24
95,137,2024-02-04,4244,2024-02-05
96,235,2024-01-09,663,2024-01-12
97,225,2024-01-24,1392,2024-01-26
98,324,2024-02-23,2578,2024-03-04
99,413,2024-02-21,164,2024-03-02
100,441,2024-02-22,2552,2024-03-03
101,439,2024-01-07,2266,2024-01-07
102,159,2024-02-26,4632,2024-02-26
103,179,2024-01-18,1825,2024-01-20
104,467,2024-01-22,2262,2024-01-23
105,358,2024-02-01,516,2024-02-03
106,147,2024-02-10,2366,2024-02-15
107,122,2024-01-01,1171,2024-01-04
108,426,2024-01-17,3719,2024-01-17
109,382,2024-02-15,4694,2024-02-20
110,104,2024-01-08,1321,2024-01-08
111,379,2024-01-03,4871,2024-01-06
112,382,2024-01-10,1144,2024-01-15
113,121,2024-01-20,426,2024-01-23
114,283,2024-01-14,942,2024-01-15
115,281,2024-02-19,3429,2024-02-29
116,417,2024-02-17,2039,2024-02-17
117,183,2024-02-21,3477,2024-02-21
118,112,2024-01-12,3472,2024-01-15
119,442,2024-02-25,2285,2024-02-26
120,181,2024-02-20,3233,2024-02-20
121,119,2024-02-24,1922,2024-03-02
122,202,2024-02-22,2964,2024-02-29
123,256,2024-02-22,1926,2024-02-23
124,112,2024-02-12,3364,2024-02-13
125,268,2024-01-18,2386,2024-01-18
126,279,2024-02-11,3374,2024-02-21
127,447,2024-02-23,2812,2024-03-04
128,114,2024-01-08,1562,2024-01-10
129,397,2024-01-17,988,2024-01-17
130,405,2024-01-28,2669,2024-01-31
131,323,2024-02-08,1047,2024-02-18
132,297,2024-02-27,1657,2024-03-13
133,230,2024-01-03,113,2024-01-08
134,366,2024-02-29,1714,2024-03-10
135,286,2024-01-28,2804,2024-01-28
136,419,2024-01-21,2560,2024-01-21
137,359,2024-01-20,2772,2024-01-25
138,306,2024-02-14,4641,2024-02-16
139,165,2024-01-13,3205,2024-01-18
140,446,2024-02-17,4762,2024-02-17
141,254,2024-01-26,103,2024-02-05
142,255,2024-01-19,3621,2024-01-20
143,396,2024-02-08,3909,2024-02-11
144,326,2024-01-29,4287,2024-01-30
145,342,2024-02-20,794,2024-02-20
146,245,2024-02-02,2845,2024-02-17
147,147,2024-02-22,2642,2024-02-23
148,215,2024-02-21,1307,2024-02-22
149,112,2024-01-03,3992,2024-01-04
150,412,2024-02-24,3830,2024-02-24
151,312,2024-02-26,1692,2024-03-12
152,467,2024-02-14,4149,2024-02-19
153,304,2024-01-16,145,2024-01-16
154,484,2024-02-25,3582,2024-02-25
155,212,2024-01-12,3905,2024-01-22
156,125,2024-02-05,1094,2024-02-06
157,333,2024-01-09,4451,2024-01-16
158,386,2024-02-08,3725,2024-02-11
159,413,2024-02-22,3595,2024-03-03
160,380,2024-01-29,3988,2024-01-29
161,330,2024-01-17,2371,2024-01-18
162,492,2024-02-19,4069,2024-02-29
163,420,2024-01-16,3703,2024-01-18
164,139,2024-02-15,2020,2024-02-17
165,239,2024-01-22,4524,2024-01-25
166,141,2024-01-09,1994,2024-01-09
167,296,2024-02-14,1852,2024-02-14
168,132,2024-01-27,2810,2024-02-01
169,377,2024-01-30,610,2024-02-04
170,205,2024-02-23,3290,2024-02-28
171,494,2024-02-07,4816,2024-02-07
172,294,2024-01-31,2981,2024-01-31
173,252,2024-02-18,3532,2024-02-23
174,375,2024-02-17,1906,2024-02-27
175,349,2024-01-15,3670,2024-01-17
176,348,2024-01-02,2853,2024-01-07
177,442,2024-02-13,1452,2024-02-18
178,339,2024-02-28,4475,2024-02-28
179,113,2024-02-28,4948,2024-03-04
180,388,2024-02-12,787,2024-02-12
181,429,2024-01-28,3882,2024-01-28
182,193,2024-01-04,3205,2024-01-06
183,267,2024-01-14,2777,2024-01-21
184,272,2024-02-18,2379,2024-02-23
185,485,2024-02-23,2166,2024-02-28
186,141,2024-01-31,4518,2024-01-31
187,126,2024-01-23,662,2024-01-24
188,499,2024-02-11,354,2024-02-11
189,226,2024-01-13,1348,2024-01-13
190,222,2024-01-09,1037,2024-01-16
191,388,2024-01-14,2199,2024-01-21
192,492,2024-01-24,1038,2024-01-24
193,498,2024-02-22,2648,2024-02-22
194,155,2024-02-07,2655,2024-02-07
195,394,2024-02-13,3349,2024-02-18
196,466,2024-01-13,4950,2024-01-13
197,453,2024-02-23,934,2024-02-24
198,456,2024-02-19,1091,2024-02-21
199,389,2024-02-20,2944,2024-02-20
200,372,2024-01-28,664,2024-01-31
201,359,2024-02-11,203,2024-02-14
202,315,2024-02-22,964,2024-02-29
203,321,2024-01-24,1353,2024-01-31
204,322,2024-01-12,2312,2024-01-22
205,415,2024-02-21,4060,2024-03-02
206,338,2024-01-28,2298,2024-02-12
207,265,2024-02-24,809,2024-02-25
208,242,2024-02-26,2097,2024-03-04
209,484,2024-01-30,3204,2024-02-14
210,272,2024-01-02,2762,2024-01-09
211,193,2024-02-01,3006,2024-02-02
212,232,2024-01-22,4983,2024-01-24
213,459,2024-02-26,4653,2024-02-28
214,105,2024-02-03,801,2024-02-04
215,223,2024-02-16,4102,2024-02-21
216,384,2024-02-18,4000,2024-02-19
217,430,2024-02-15,3771,2024-02-22
218,108,2024-01-06,1915,2024-01-08
219,307,2024-02-14,2608,2024-02-15
220,439,2024-02-07,3976,2024-02-10
221,383,2024-02-03,3585,2024-02-06
222,481,2024-02-05,2982,2024-02-08
223,459,2024-01-30,2611,2024-02-01
224,228,2024-01-15,1677,2024-01-15
225,261,2024-01-08,1616,2024-01-18
226,198,2024-01-14,2365,2024-01-21
227,470,2024-02-07,4988,2024-02-17
228,244,2024-01-07,2526,2024-01-08
229,216,2024-01-24,2576,2024-01-24
230,107,2024-02-15,1136,2024-02-25
231,240,2024-01-03,4633,2024-01-03
232,249,2024-02-14,4121,2024-02-14
233,152,2024-02-25,4802,2024-02-25
234,245,2024-01-31,3708,2024-02-07
235,274,2024-01-12,2168,2024-01-12
236,344,2024-01-08,3382,2024-01-08
237,351,2024-01-05,539,2024-01-20
238,177,2024-01-10,2589,2024-01-25
239,143,2024-01-16,4671,2024-01-16
240,491,2024-01-27,4983,2024-02-11
241,416,2024-01-15,3216,2024-01-25
242,330,2024-02-28,2535,2024-03-06
243,401,2024-01-28,4758,2024-01-30
244,417,2024-01-04,912,2024-01-19
245,490,2024-01-14,2267,2024-01-15
246,438,2024-01-06,2064,2024-01-06
247,188,2024-02-05,1382,2024-02-05
248,101,2024-01-27,4964,2024-02-03
249,340,2024-01-19,1996,2024-01-19
250,247,2024-02-15,3819,2024-02-17
251,136,2024-02-13,2267,2024-02-14
252,420,2024-02-07,3582,2024-02-08
253,158,2024-02-04,1320,2024-02-05
254,236,2024-02-22,684,2024-02-22
255,130,2024-01-11,4974,2024-01-13
256,483,2024-02-22,2464,2024-03-08
257,324,2024-01-08,2591,2024-01-15
258,458,2024-01-26,4199,2024-01-28
259,376,2024-02-01,758,2024-02-08
260,406,2024-01-03,2740,2024-01-08
261,409,2024-01-17,848,2024-01-17
262,217,2024-02-13,4909,2024-02-28
263,110,2024-02-18,4820,2024-02-20
264,120,2024-02-18,3954,2024-02-18
265,365,2024-02-11,2378,2024-02-18
266,192,2024-02-07,4128,2024-02-12
267,146,2024-01-31,3445,2024-02-03
268,270,2024-01-21,1417,2024-01-21
269,268,2024-01-27,2461,2024-02-03
270,439,2024-01-26,400,2024-02-05
271,332,2024-01-06,2167,2024-01-09
272,265,2024-01-08,4315,2024-01-13
273,100,2024-02-12,3884,2024-02-22
274,311,2024-01-04,4347,2024-01-05
275,285,2024-02-09,3721,2024-02-16
276,489,2024-01-04,2287,2024-01-05
277,381,2024-01-09,3689,2024-01-11
278,457,2024-02-01,336,2024-02-01
279,422,2024-02-08,1397,2024-02-09
280,259,2024-02-05,4624,2024-02-05
281,308,2024-01-06,1029,2024-01-07
282,336,2024-01-08,4182,2024-01-08
283,466,2024-01-19,2339,2024-01-29
284,312,2024-02-23,3968,2024-03-01
285,224,2024-01-30,1284,2024-02-09
286,296,2024-01-13,4263,2024-01-28
287,482,2024-02-26,671,2024-02-26
288,241,2024-02-19,2884,2024-02-24
289,359,2024-01-18,2417,2024-01-18
290,471,2024-01-20,4850,2024-02-04
291,437,2024-02-01,3758,2024-02-01
292,375,2024-01-31,2823,2024-02-03
293,382,2024-02-18,3190,2024-02-28
294,333,2024-02-29,1645,2024-03-03
295,457,2024-01-16,3237,2024-01-31
296,219,2024-02-24,457,2024-02-29
297,262,2024-02-17,3223,2024-02-24
298,297,2024-02-12,4157,2024-02-12
299,118,2024-01-09,4934,2024-01-19
300,269,2024-02-25,3706,2024-02-25
301,151,2024-02-03,225,2024-02-10
302,469,2024-01-10,1364,2024-01-15
303,138,2024-01-31,2873,2024-02-02
304,419,2024-02-14,757,2024-02-19
305,268,2024-02-24,3213,2024-03-05
306,262,2024-02-10,4532,2024-02-17
307,118,2024-02-09,2023,2024-02-09
308,423,2024-02-13,1963,2024-02-15
309,482,2024-01-06,906,2024-01-11
310,489,2024-02-10,3734,2024-02-10
311,185,2024-02-14,337,2024-02-16
312,123,2024-01-21,2503,2024-01-21
313,283,2024-01-24,1292,2024-01-29
314,225,2024-02-03,4736,2024-02-08
315,449,2024-02-20,1492,2024-02-20
316,189,2024-01-06,3233,2024-01-21
317,417,2024-02-13,4176,2024-02-14
318,398,2024-01-10,3877,2024-01-11
319,426,2024-01-17,2191,2024-01-24
320,441,2024-01-01,2456,2024-01-08
321,446,2024-02-04,705,2024-02-04
322,326,2024-01-23,2550,2024-02-07
323,427,2024-01-28,3842,2024-01-30
324,254,2024-01-13,4058,2024-01-18
325,154,2024-01-16,4785,2024-01-21
326,283,2024-02-06,2518,2024-02-08
327,111,2024-02-23,2348,2024-02-28
328,104,2024-02-06,4169,2024-02-06
329,246,2024-02-19,2986,2024-02-20
330,212,2024-02-10,2153,2024-02-11
331,447,2024-02-18,895,2024-02-18
332,421,2024-02-11,2630,2024-02-11
333,325,2024-01-03,3088,2024-01-18
334,474,2024-01-09,2517,2024-01-09
335,267,2024-02-17,1538,2024-02-22
336,202,2024-01-09,3097,2024-01-19
337,371,2024-02-02,1447,2024-02-04
338,231,2024-02-28,2517,2024-03-06
339,482,2024-02-25,1043,2024-02-28
340,339,2024-01-05,1948,2024-01-05
341,446,2024-02-16,4665,2024-02-21
342,287,2024-01-06,214,2024-01-11
343,235,2024-02-04,3825,2024-02-04
344,288,2024-02-13,4888,2024-02-15
345,295,2024-02-22,987,2024-02-25
346,445,2024-01-15,305,2024-01-22
347,417,2024-02-26,2787,2024-03-07
348,412,2024-01-15,3903,2024-01-15
349,458,2024-01-20,1055,2024-01-25
350,171,2024-01-03,2593,2024-01-03
351,352,2024-01-08,2023,2024-01-08
352,375,2024-01-09,3816,2024-01-14
353,289,2024-02-12,3533,2024-02-22
354,400,2024-02-17,3498,2024-02-17
355,435,2024-01-07,3443,2024-01-14
356,243,2024-01-03,1879,2024-01-06
357,327,2024-01-29,3071,2024-01-30
358,150,2024-02-13,4560,2024-02-16
359,430,2024-01-23,3361,2024-01-23
360,241,2024-01-13,3825,2024-01-13
361,146,2024-02-12,4991,2024-02-13
362,110,2024-01-04,2095,2024-01-07
363,164,2024-02-20,1781,2024-03-06
364,135,2024-02-23,1797,2024-03-04
365,400,2024-01-14,2791,2024-01-15
366,496,2024-01-10,123,2024-01-25
367,241,2024-02-24,1164,2024-02-24
368,376,2024-01-17,1000,2024-01-17
369,438,2024-02-25,1179,2024-02-25
370,107,2024-01-23,4923,2024-01-24
371,265,2024-01-02,2273,2024-01-02
372,126,2024-01-09,4409,2024-01-14
373,158,2024-02-17,4001,2024-02-17
374,329,2024-02-19,4304,2024-02-22
375,403,2024-01-07,4227,2024-01-14
376,213,2024-02-09,4371,2024-02-09
377,254,2024-01-30,598,2024-01-30
378,345,2024-02-24,3592,2024-02-29
379,451,2024-01-07,3733,2024-01-14
380,137,2024-02-27,2738,2024-02-27
381,411,2024-01-10,1133,2024-01-10
382,240,2024-02-09,4592,2024-02-24
383,464,2024-01-21,4993,2024-01-26
384,371,2024-01-19,4241,2024-01-26
385,409,2024-01-28,1037,2024-01-28
386,435,2024-02-11,1861,2024-02-21
387,320,2024-01-29,3489,2024-01-30
388,273,2024-02-22,3366,2024-02-29
389,312,2024-02-16,2660,2024-02-16
390,318,2024-01-21,3166,2024-01-23
391,178,2024-02-13,649,2024-02-20
392,146,2024-02-23,863,2024-02-23
393,321,2024-01-07,1165,2024-01-10
394,384,2024-01-04,4700,2024-01-19
395,387,2024-01-22,3465,2024-01-22
396,281,2024-02-25,521,2024-03-01
397,247,2024-02-08,2980,2024-02-10
398,153,2024-02-06,1842,2024-02-16
399,179,2024-02-12,1937,2024-02-19
400,155,2024-01-23,3111,2024-02-02
401,158,2024-02-18,4803,2024-02-20
402,215,2024-02-21,4695,2024-02-26
403,492,2024-02-22,4660,2024-03-08
404,113,2024-02-08,337,2024-02-10
405,192,2024-01-18,2883,2024-01-20
406,279,2024-01-01,1273,2024-01-01
407,389,2024-02-12,670,2024-02-17
408,172,2024-02-17,851,2024-02-17
409,482,2024-02-03,3181,2024-02-04
410,314,2024-01-30,1389,2024-02-02
411,289,2024-01-20,4749,2024-01-23
412,405,2024-01-06,1374,2024-01-06
413,180,2024-02-18,507,2024-03-04
414,445,2024-01-06,3729,2024-01-08
415,438,2024-01-28,3721,2024-02-04
416,312,2024-01-18,4297,2024-01-19
417,158,2024-01-23,1008,2024-01-28
418,245,2024-02-13,4086,2024-02-28
419,369,2024-02-12,472,2024-02-14
420,212,2024-01-26,548,2024-02-10
421,103,2024-01-14,1830,2024-01-16
422,492,2024-01-09,2471,2024-01-11
423,267,2024-01-08,4174,2024-01-08
424,482,2024-01-28,1158,2024-01-28
425,294,2024-02-04,4198,2024-02-05
426,386,2024-02-23,690,2024-02-26
427,303,2024-02-25,3673,2024-02-25
428,109,2024-01-30,2664,2024-01-30
429,394,2024-01-28,3413,2024-02-12
430,463,2024-02-10,2471,2024-02-15
431,158,2024-01-26,2760,2024-01-26
432,187,2024-02-21,3869,2024-03-07
433,453,2024-02-28,821,2024-03-02
434,323,2024-02-24,2093,2024-02-24
435,323,2024-02-07,4392,2024-02-12
436,140,2024-01-26,2881,2024-01-28
437,213,2024-01-22,725,2024-01-22
438,361,2024-02-10,4446,2024-02-10
439,361,2024-01-13,2976,2024-01-16
440,472,2024-02-22,2035,2024-02-22
441,152,2024-01-10,1716,2024-01-12
442,188,2024-02-08,717,2024-02-08
443,190,2024-02-19,3900,2024-02-26
444,486,2024-02-06,3777,2024-02-21
445,448,2024-02-29,2747,2024-03-15
446,421,2024-01-21,3702,2024-01-21
447,134,2024-01-31,2580,2024-02-07
448,240,2024-02-07,2983,2024-02-07
449,359,2024-01-05,3882,2024-01-07
450,331,2024-01-03,3120,2024-01-03
451,246,2024-01-05,4966,2024-01-05
452,359,2024-01-25,4854,2024-02-01
453,383,2024-02-20,3784,2024-02-20
454,392,2024-02-11,2733,2024-02-12
455,409,2024-01-31,1335,2024-02-10
456,131,2024-01-29,2913,2024-01-29
457,465,2024-01-06,1513,2024-01-16
458,120,2024-01-16,3699,2024-01-23
459,368,2024-02-03,1400,2024-02-18
460,286,2024-01-24,3273,2024-01-26
461,309,2024-02-19,4997,2024-02-22
462,126,2024-02-20,639,2024-02-23
463,268,2024-01-07,3266,2024-01-17
464,245,2024-01-17,1331,2024-02-01
465,270,2024-01-06,1258,2024-01-21
466,279,2024-01-20,1156,2024-01-25
467,404,2024-02-15,2636,2024-02-15
468,386,2024-01-25,1146,2024-01-28
469,443,2024-02-14,865,2024-02-24
470,430,2024-02-12,4265,2024-02-17
471,285,2024-01-02,2630,2024-01-05
472,192,2024-01-14,4083,2024-01-17
473,198,2024-01-15,1369,2024-01-15
474,139,2024-01-19,4258,2024-01-19
475,494,2024-02-04,409,2024-02-14
476,438,2024-01-22,1173,2024-02-06
477,405,2024-01-25,1429,2024-01-25
478,192,2024-02-23,1456,2024-03-09
479,469,2024-01-29,3465,2024-01-29
480,286,2024-02-13,3738,2024-02-14
481,412,2024-01-19,2016,2024-01-26
482,373,2024-01-16,3942,2024-01-18
483,199,2024-01-24,3709,2024-02-08
484,336,2024-02-19,3228,2024-02-21
485,357,2024-02-03,1427,2024-02-08
486,202,2024-02-21,1233,2024-03-07
487,228,2024-01-04,3140,2024-01-11
488,383,2024-02-29,4326,2024-02-29
489,163,2024-01-19,1413,2024-01-19
490,239,2024-01-29,1307,2024-02-08
491,323,2024-01-06,3795,2024-01-07
492,278,2024-02-29,3498,2024-02-29
493,127,2024-01-26,3163,2024-02-05
494,220,2024-01-25,3171,2024-01-25
495,214,2024-01-02,911,2024-01-05
496,465,2024-02-11,1296,2024-02-14
497,170,2024-01-03,3970,2024-01-05
498,456,2024-02-23,3942,2024-02-23
499,329,2024-02-09,749,2024-02-09
500,109,2024-01-17,1324,2024-01-18
501,380,2024-02-16,4423,2024-03-02
502,316,2024-01-08,2046,2024-01-10
503,254,2024-01-08,2053,2024-01-08
504,314,2024-02-10,3844,2024-02-25
505,132,2024-01-08,4988,2024-01-15
506,374,2024-01-02,4810,2024-01-12
507,223,2024-02-15,2486,2024-02-15
508,319,2024-01-01,2990,2024-01-16
509,223,2024-02-06,1634,2024-02-11
510,440,2024-02-12,4388,2024-02-12
511,284,2024-01-05,4557,2024-01-15
512,359,2024-02-20,4639,2024-03-01
513,110,2024-01-25,456,2024-02-01
514,425,2024-01-25,2177,2024-01-28
515,482,2024-01-02,653,2024-01-05
516,276,2024-01-16,4866,2024-01-16
517,476,2024-02-18,1192,2024-02-21
518,122,2024-01-23,2873,2024-02-02
519,429,2024-01-12,4020,2024-01-19
520,423,2024-01-12,616,2024-01-12
521,466,2024-02-19,402,2024-02-26
522,250,2024-01-13,1734,2024-01-13
523,121,2024-01-21,4322,2024-01-23
524,303,2024-02-22,3978,2024-03-03
525,229,2024-01-03,2443,2024-01-04
526,282,2024-02-25,2819,2024-02-25
527,239,2024-01-08,3679,2024-01-11
528,304,2024-02-17,3267,2024-02-24
529,273,2024-01-12,4175,2024-01-19
530,288,2024-02-29,2284,2024-03-10
531,142,2024-02-16,746,2024-02-21
532,320,2024-02-08,4568,2024-02-08
533,250,2024-01-21,755,2024-01-21
534,267,2024-02-12,2610,2024-02-14
535,328,2024-02-08,1465,2024-02-13
536,453,2024-01-29,3762,2024-02-01
537,121,2024-02-16,3663,2024-02-19
538,240,2024-02-10,714,2024-02-10
539,443,2024-02-10,3076,2024-02-15
540,362,2024-02-21,355,2024-02-21
541,173,2024-02-24,3689,2024-03-10
542,117,2024-01-09,2033,2024-01-09
543,498,2024-02-11,3066,2024-02-14
544,296,2024-02-06,1356,2024-02-06
545,447,2024-01-29,3147,2024-02-01
546,327,2024-02-18,4801,2024-02-18
547,170,2024-02-03,3360,2024-02-06
548,260,2024-02-11,2144,2024-02-13
549,158,2024-01-02,4188,2024-01-02
550,365,2024-01-25,1064,2024-02-04
551,234,2024-02-19,3755,2024-02-21
552,209,2024-02-09,4123,2024-02-11
553,202,2024-01-08,706,2024-01-08
554,331,2024-01-12,819,2024-01-19
555,449,2024-02-24,2946,2024-02-27
556,463,2024-01-05,4541,2024-01-15
557,248,2024-02-27,1390,2024-02-29
558,464,2024-02-15,3061,2024-02-15
559,360,2024-01-15,1746,2024-01-15
560,171,2024-01-16,315,2024-01-23
561,284,2024-02-05,3122,2024-02-20
562,339,2024-02-21,1163,2024-03-02
563,413,2024-02-26,638,2024-02-26
564,258,2024-01-26,4406,2024-02-02
565,310,2024-02-19,4809,2024-02-24
566,137,2024-01-09,707,2024-01-12
567,330,2024-01-30,2922,2024-02-09
568,165,2024-02-26,4915,2024-03-07
569,193,2024-02-19,3644,2024-02-19
570,357,2024-02-28,1117,2024-02-28
571,365,2024-01-10,1448,2024-01-12
572,182,2024-01-21,2934,2024-01-22
573,365,2024-02-27,746,2024-02-29
574,228,2024-01-13,2348,2024-01-23
575,164,2024-02-10,4470,2024-02-12
576,147,2024-02-02,4948,2024-02-02
577,397,2024-01-10,2865,2024-01-10
578,388,2024-01-03,765,2024-01-03
579,123,2024-02-11,2268,2024-02-26
580,433,2024-01-14,3512,2024-01-29
581,416,2024-02-10,4179,2024-02-10
582,421,2024-02-04,2574,2024-02-06
583,347,2024-01-16,2536,2024-01-21
584,332,2024-01-05,1394,2024-01-05
585,325,2024-01-27,3904,2024-02-03
586,204,2024-01-22,1276,2024-02-06
587,260,2024-02-25,2929,2024-02-28
588,304,2024-01-09,4318,2024-01-12
589,387,2024-01-07,2080,2024-01-10
590,338,2024-01-08,3783,2024-01-10
591,226,2024-01-10,514,2024-01-10
592,248,2024-01-25,3525,2024-02-09
593,227,2024-02-25,2782,2024-02-25
594,395,2024-02-16,1655,2024-02-19
595,490,2024-01-11,4316,2024-01-18
596,339,2024-02-01,4174,2024-02-03
597,111,2024-01-06,4240,2024-01-11
598,334,2024-01-16,4878,2024-01-17
599,280,2024-01-04,2404,2024-01-04
600,353,2024-02-08,2440,2024-02-15
601,374,2024-01-01,3630,2024-01-01
602,168,2024-02-26,3096,2024-02-28
603,491,2024-01-26,470,2024-01-29
604,305,2024-01-04,4702,2024-01-19
605,199,2024-01-24,2464,2024-02-03
606,137,2024-01-25,3789,2024-02-04
607,491,2024-02-05,1073,2024-02-07
608,165,2024-01-07,3157,2024-01-12
609,273,2024-02-05,1281,2024-02-08
610,201,2024-02-08,3388,2024-02-18
611,356,2024-01-03,418,2024-01-03
612,170,2024-02-15,3980,2024-02-18
613,365,2024-01-30,4323,2024-01-30
614,171,2024-01-21,2709,2024-02-05
615,183,2024-01-26,2551,2024-02-10
616,403,2024-01-22,4275,2024-02-01
617,372,2024-02-01,2555,2024-02-16
618,343,2024-02-22,3117,2024-02-22
619,269,2024-02-13,3512,2024-02-13
620,398,2024-01-20,4989,2024-01-20
621,342,2024-01-17,4831,2024-02-01
622,216,2024-02-16,4880,2024-02-16
623,345,2024-01-11,3214,2024-01-21
624,175,2024-02-22,358,2024-02-23
625,393,2024-02-14,1662,2024-02-14
626,109,2024-01-29,3530,2024-02-01
627,177,2024-01-27,3461,2024-01-28
628,356,2024-02-19,3963,2024-03-05
629,476,2024-02-16,1231,2024-02-16
630,365,2024-01-14,2762,2024-01-24
631,439,2024-01-31,3186,2024-02-10
632,260,2024-01-12,4467,2024-01-19
633,275,2024-02-04,2265,2024-02-07
634,412,2024-01-31,2119,2024-02-01
635,242,2024-02-05,1942,2024-02-07
636,252,2024-02-19,1798,2024-02-21
637,453,2024-02-15,2697,2024-02-22
638,345,2024-01-23,2340,2024-02-02
639,247,2024-01-08,4549,2024-01-23
640,294,2024-02-27,2927,2024-03-03
641,495,2024-02-21,2479,2024-02-21
642,121,2024-01-19,2937,2024-01-19
643,326,2024-02-11,4024,2024-02-13
644,209,2024-01-13,2321,2024-01-23
645,387,2024-02-14,1224,2024-02-16
646,155,2024-02-09,2060,2024-02-24
647,224,2024-01-04,1948,2024-01-14
648,426,2024-01-15,920,2024-01-15
649,311,2024-01-22,923,2024-01-29
650,448,2024-02-19,142,2024-02-19
651,381,2024-02-29,3433,2024-02-29
652,434,2024-02-29,4011,2024-03-07
653,433,2024-01-13,2731,2024-01-15
654,246,2024-02-11,832,2024-02-11
655,433,2024-02-06,4483,2024-02-07
656,478,2024-02-16,1534,2024-02-16
657,313,2024-02-26,397,2024-02-26
658,303,2024-02-20,1626,2024-02-27
659,483,2024-02-25,406,2024-02-27
660,104,2024-01-20,979,2024-02-04
661,271,2024-01-19,4550,2024-01-26
662,368,2024-02-01,4230,2024-02-01
663,339,2024-01-18,1022,2024-01-19
664,269,2024-01-11,2207,2024-01-18
665,467,2024-01-12,2861,2024-01-12
666,251,2024-02-06,1537,2024-02-07
667,412,2024-02-24,3603,2024-02-29
668,363,2024-01-21,3383,2024-01-21
669,442,2024-01-07,1251,2024-01-07
670,344,2024-01-21,155,2024-01-22
671,233,2024-01-25,3759,2024-01-26
672,485,2024-01-18,2573,2024-01-21
673,398,2024-02-16,193,2024-03-02
674,233,2024-02-11,2035,2024-02-14
675,131,2024-02-12,3912,2024-02-12
676,257,2024-01-11,4216,2024-01-16
677,460,2024-02-19,1061,2024-02-21
678,427,2024-02-28,3110,2024-03-01
679,414,2024-01-15,1194,2024-01-16
680,344,2024-01-10,3160,2024-01-17
681,312,2024-02-14,3957,2024-02-24
682,487,2024-02-04,2127,2024-02-05
683,448,2024-02-18,770,2024-03-04
684,369,2024-01-29,3063,2024-02-08
685,139,2024-02-28,1019,2024-03-14
686,131,2024-02-23,4240,2024-03-04
687,203,2024-02-06,1327,2024-02-16
688,184,2024-01-21,3719,2024-01-31
689,159,2024-02-13,4877,2024-02-14
690,350,2024-01-06,3749,2024-01-16
691,128,2024-01-30,4304,2024-01-30
692,312,2024-01-30,572,2024-02-14
693,386,2024-01-30,278,2024-02-01
694,302,2024-01-17,1885,2024-01-17
695,396,2024-01-05,3570,2024-01-05
696,276,2024-02-14,4533,2024-02-14
697,130,2024-02-29,3967,2024-02-29
698,116,2024-01-19,1574,2024-01-24
699,493,2024-01-09,3167,2024-01-14
700,295,2024-01-29,3177,2024-02-03
701,141,2024-02-13,1189,2024-02-23
702,434,2024-02-25,1071,2024-02-28
703,191,2024-02-04,4432,2024-02-09
704,165,2024-02-16,128,2024-02-17
705,487,2024-01-02,3892,2024-01-04
706,444,2024-02-16,3574,2024-02-26
707,372,2024-01-25,2127,2024-01-26
708,335,2024-01-23,2358,2024-01-23
709,196,2024-02-29,363,2024-02-29
710,438,2024-01-27,228,2024-02-11
711,223,2024-01-14,926,2024-01-14
712,404,2024-01-03,4997,2024-01-10
713,444,2024-02-15,2104,2024-02-15
714,479,2024-01-03,3695,2024-01-08
715,219,2024-02-04,562,2024-02-05
716,171,2024-02-02,2018,2024-02-04
717,474,2024-02-06,4830,2024-02-09
718,406,2024-02-19,2040,2024-02-22
719,254,2024-02-26,4370,2024-02-26
720,213,2024-01-27,2354,2024-01-29
721,131,2024-02-05,1534,2024-02-20
722,420,2024-02-13,4653,2024-02-18
723,353,2024-01-04,3222,2024-01-07
724,368,2024-01-21,3444,2024-01-26
725,176,2024-01-20,1606,2024-01-25
726,486,2024-02-04,2074,2024-02-11
727,215,2024-01-20,3893,2024-01-20
728,129,2024-02-05,3512,2024-02-10
729,385,2024-02-03,3281,2024-02-03
730,224,2024-01-17,2805,2024-01-18
731,431,2024-01-06,3139,2024-01-13
732,147,2024-02-04,522,2024-02-05
733,237,2024-01-25,423,2024-02-09
734,137,2024-01-13,4678,2024-01-28
735,211,2024-01-31,2827,2024-02-01
736,255,2024-02-28,1835,2024-02-28
737,197,2024-02-17,4023,2024-02-17
738,224,2024-02-14,1775,2024-02-29
739,303,2024-02-28,4622,2024-02-29
740,264,2024-02-19,3218,2024-02-21
741,338,2024-02-04,2626,2024-02-07
742,233,2024-01-24,4173,2024-02-03
743,338,2024-01-07,2723,2024-01-14
744,204,2024-01-24,3490,2024-01-27
745,123,2024-02-06,1295,2024-02-07
746,108,2024-01-17,4884,2024-01-27
747,396,2024-02-16,2518,2024-02-21
748,178,2024-01-13,1984,2024-01-16
749,294,2024-02-06,4190,2024-02-07
750,381,2024-02-11,2208,2024-02-14
751,490,2024-02-22,4118,2024-02-29
752,335,2024-01-11,1486,2024-01-14
753,171,2024-02-16,4100,2024-02-26
754,194,2024-02-28,581,2024-03-09
755,368,2024-01-03,497,2024-01-03
756,491,2024-01-01,1226,2024-01-06
757,422,2024-01-15,1337,2024-01-15
758,104,2024-01-14,3835,2024-01-24
759,291,2024-01-04,4058,2024-01-19
760,437,2024-02-01,154,2024-02-01
761,372,2024-02-05,197,2024-02-10
762,108,2024-02-03,4488,2024-02-05
763,246,2024-01-02,3627,2024-01-12
764,191,2024-01-07,4395,2024-01-07
765,176,2024-01-16,4412,2024-01-17
766,229,2024-02-22,2289,2024-02-25
767,303,2024-01-06,3426,2024-01-09
768,335,2024-02-06,1950,2024-02-07
769,253,2024-02-13,359,2024-02-13
770,147,2024-01-26,3189,2024-01-31
771,382,2024-01-31,177,2024-01-31
772,459,2024-01-11,4194,2024-01-11
773,322,2024-02-11,4735,2024-02-14
774,148,2024-02-27,448,2024-03-08
775,217,2024-01-14,3995,2024-01-29
776,238,2024-01-03,2396,2024-01-03
777,378,2024-02-06,1569,2024-02-06
778,261,2024-01-02,4908,2024-01-03
779,173,2024-02-18,730,2024-02-23
780,253,2024-01-11,2069,2024-01-26
781,390,2024-02-23,4528,2024-02-28
782,269,2024-01-25,742,2024-01-25
783,356,2024-02-17,539,2024-02-20
784,150,2024-01-28,722,2024-01-29
785,274,2024-02-08,4979,2024-02-23
786,303,2024-02-19,342,2024-02-22
787,424,2024-01-18,4119,2024-01-25
788,216,2024-01-23,3175,2024-02-02
789,321,2024-01-12,3213,2024-01-27
790,143,2024-02-19,2519,2024-03-05
791,226,2024-02-15,772,2024-02-15
792,237,2024-01-10,1363,2024-01-15
793,478,2024-01-25,3054,2024-01-28
794,154,2024-01-06,2625,2024-01-06
795,327,2024-01-24,937,2024-01-26
796,167,2024-01-06,3630,2024-01-06
797,329,2024-02-05,4297,2024-02-15
798,308,2024-01-07,834,2024-01-07
799,281,2024-02-05,4990,2024-02-05
800,406,2024-02-20,3255,2024-02-23
801,106,2024-01-19,3276,2024-01-24
802,498,2024-01-06,2088,2024-01-16
803,392,2024-02-03,3218,2024-02-03
804,186,2024-01-09,2566,2024-01-11
805,237,2024-02-01,618,2024-02-01
806,185,2024-01-28,3549,2024-01-30
807,253,2024-01-31,3058,2024-01-31
808,228,2024-01-16,4964,2024-01-23
809,415,2024-01-13,976,2024-01-20
810,169,2024-01-20,3341,2024-01-20
811,270,2024-02-23,3212,2024-03-09
812,268,2024-01-29,3627,2024-02-01
813,433,2024-02-08,2561,2024-02-08
814,264,2024-02-08,4024,2024-02-09
815,260,2024-01-12,2714,2024-01-17
816,249,2024-02-17,4817,2024-02-24
817,500,2024-01-16,3180,2024-01-19
818,243,2024-02-22,3090,2024-02-27
819,158,2024-02-29,1736,2024-03-15
820,403,2024-02-04,4606,2024-02-04
821,113,2024-02-16,1817,2024-02-23
822,324,2024-02-21,666,2024-02-23
823,309,2024-02-13,1240,2024-02-20
824,424,2024-01-20,2169,2024-01-21
825,437,2024-01-10,3188,2024-01-15
826,137,2024-01-29,4025,2024-02-13
827,398,2024-01-26,4250,2024-02-05
828,454,2024-01-27,401,2024-02-06
829,284,2024-02-14,4964,2024-02-24
830,426,2024-02-28,995,2024-02-28
831,493,2024-01-16,1462,2024-01-19
832,431,2024-02-09,4713,2024-02-09
833,430,2024-02-13,2816,2024-02-18
834,320,2024-01-07,907,2024-01-07
835,232,2024-01-15,4349,2024-01-25
836,385,2024-02-07,1910,2024-02-22
837,328,2024-01-24,3893,2024-01-29
838,495,2024-02-13,4199,2024-02-28
839,177,2024-01-23,4054,2024-01-23
840,153,2024-01-19,803,2024-01-24
841,159,2024-02-23,2953,2024-02-23
842,259,2024-01-22,1794,2024-01-29
843,366,2024-01-31,4000,2024-02-03
844,149,2024-01-29,2712,2024-02-05
845,134,2024-01-20,1042,2024-01-20
846,111,2024-02-24,995,2024-02-27
847,446,2024-02-21,2098,2024-02-21
848,364,2024-01-12,1411,2024-01-22
849,269,2024-02-05,3885,2024-02-10
850,218,2024-02-21,1611,2024-02-26
851,195,2024-02-10,3340,2024-02-15
852,114,2024-02-17,1716,2024-03-03
853,330,2024-02-07,3285,2024-02-12
854,102,2024-02-15,1785,2024-02-16
855,242,2024-02-18,4829,2024-02-18
856,152,2024-02-21,1631,2024-03-02
857,287,2024-01-21,3848,2024-01-22
858,158,2024-01-17,4423,2024-01-24
859,427,2024-01-21,3283,2024-02-05
860,412,2024-01-26,1035,2024-02-10
861,278,2024-01-23,1513,2024-01-30
862,444,2024-02-15,4934,2024-02-17
863,143,2024-02-13,2665,2024-02-13
864,160,2024-01-16,1058,2024-01-18
865,193,2024-01-24,4284,2024-01-24
866,298,2024-01-27,1229,2024-02-11
867,394,2024-01-25,1621,2024-01-30
868,349,2024-02-10,1519,2024-02-20
869,384,2024-01-11,2466,2024-01-18
870,171,2024-01-12,3794,2024-01-15
871,417,2024-01-04,178,2024-01-07
872,348,2024-01-09,3245,2024-01-10
873,387,2024-02-02,3451,2024-02-09
874,450,2024-02-01,3736,2024-02-06
875,350,2024-01-11,4731,2024-01-11
876,115,2024-02-20,2492,2024-02-21
877,116,2024-01-18,4504,2024-01-19
878,247,2024-01-11,4733,2024-01-18
879,480,2024-02-19,4603,2024-02-26
880,361,2024-01-08,1035,2024-01-23
881,237,2024-02-19,3105,2024-02-29
882,377,2024-02-22,3715,2024-02-22
883,379,2024-01-14,938,2024-01-19
884,476,2024-02-23,2538,2024-02-24
885,116,2024-01-29,2955,2024-01-31
886,144,2024-01-29,2041,2024-01-29
887,207,2024-02-21,2972,2024-03-07
888,463,2024-02-09,1459,2024-02-14
889,415,2024-01-09,1795,2024-01-10
890,130,2024-02-06,4460,2024-02-09
891,243,2024-02-08,1479,2024-02-18
892,265,2024-02-15,2470,2024-02-17
893,393,2024-01-18,880,2024-01-28
894,169,2024-02-18,585,2024-02-23
895,241,2024-02-25,1187,2024-02-25
896,227,2024-01-10,2127,2024-01-13
897,489,2024-02-23,4109,2024-02-28
898,172,2024-02-06,3493,2024-02-08
899,292,2024-01-29,862,2024-01-29
900,306,2024-02-02,3123,2024-02-04
901,332,2024-02-01,4867,2024-02-04
902,101,2024-02-25,3855,2024-02-25
903,425,2024-02-12,618,2024-02-15
904,373,2024-01-26,3619,2024-01-27
905,208,2024-02-01,2744,2024-02-03
906,245,2024-01-22,4834,2024-02-01
907,166,2024-02-06,2915,2024-02-13
908,449,2024-02-18,476,2024-02-18
909,150,2024-02-10,233,2024-02-17
910,163,2024-02-29,3715,2024-02-29
911,333,2024-01-01,1757,2024-01-06
912,452,2024-02-28,2572,2024-02-28
913,181,2024-02-25,864,2024-02-27
914,435,2024-01-24,775,2024-01-26
915,290,2024-02-12,524,2024-02-12
916,302,2024-02-10,2018,2024-02-12
917,319,2024-02-11,879,2024-02-11
918,100,2024-01-14,738,2024-01-21
919,167,2024-02-07,4355,2024-02-08
920,448,2024-01-29,166,2024-01-29
921,456,2024-01-22,3559,2024-01-22
922,455,2024-01-09,680,2024-01-16
923,217,2024-01-25,939,2024-01-25
924,152,2024-01-21,2551,2024-01-24
925,170,2024-01-25,1270,2024-01-25
926,135,2024-02-03,169,2024-02-18
927,412,2024-02-11,3705,2024-02-11
928,279,2024-02-16,1340,2024-02-17
929,310,2024-02-09,1879,2024-02-16
930,144,2024-02-27,1246,2024-02-27
931,485,2024-01-08,3245,2024-01-23
932,279,2024-01-28,1245,2024-01-31
933,226,2024-01-18,2132,2024-01-18
934,383,2024-02-08,2434,2024-02-23
935,498,2024-02-14,2571,2024-02-14
936,205,2024-02-03,4274,2024-02-18
937,196,2024-02-17,2521,2024-02-22
938,430,2024-01-04,4154,2024-01-05
939,297,2024-01-08,4192,2024-01-09
940,426,2024-02-08,4427,2024-02-08
941,106,2024-01-24,1181,2024-01-27
942,298,2024-02-25,3547,2024-03-11
943,287,2024-02-04,3958,2024-02-04
944,494,2024-01-05,4911,2024-01-05
945,134,2024-01-01,1867,2024-01-03
946,120,2024-02-29,3360,2024-02-29
947,359,2024-01-19,3503,2024-01-29
948,316,2024-02-14,775,2024-02-19
949,427,2024-02-04,1350,2024-02-14
950,242,2024-01-06,747,2024-01-08
951,361,2024-02-28,1372,2024-02-29
952,374,2024-01-21,4904,2024-01-26
953,424,2024-02-18,2640,2024-02-18
954,457,2024-01-28,574,2024-01-29
955,225,2024-01-06,1050,2024-01-11
956,332,2024-02-09,550,2024-02-24
957,258,2024-02-12,1078,2024-02-12
958,106,2024-02-15,192,2024-02-15
959,183,2024-02-01,4384,2024-02-04
960,364,2024-02-20,1467,2024-02-22
961,290,2024-01-09,1067,2024-01-11
962,494,2024-02-27,2844,2024-02-27
963,319,2024-01-18,623,2024-01-28
964,234,2024-02-15,731,2024-03-01
965,354,2024-01-30,3050,2024-02-09
966,128,2024-02-01,1467,2024-02-16
967,288,2024-01-11,942,2024-01-13
968,393,2024-02-13,1971,2024-02-13
969,479,2024-02-02,460,2024-02-02
970,106,2024-01-16,3964,2024-01-16
971,286,2024-01-25,1566,2024-01-25
972,118,2024-02-05,1939,2024-02-10
973,264,2024-01-16,2720,2024-01-21
974,238,2024-02-22,4782,2024-02-22
975,290,2024-01-08,531,2024-01-18
976,191,2024-01-15,476,2024-01-25
977,305,2024-01-05,2412,2024-01-12
978,496,2024-02-24,2781,2024-02-26
979,144,2024-02-05,165,2024-02-12
980,288,2024-01-13,4718,2024-01-15
981,255,2024-02-17,2087,2024-03-03
982,337,2024-01-24,4141,2024-02-08
983,495,2024-02-19,4577,2024-02-20
984,489,2024-02-20,1333,2024-02-21
985,103,2024-02-29,295,2024-03-05
986,219,2024-02-04,178,2024-02-07
987,271,2024-01-01,2619,2024-01-06
988,153,2024-01-14,2051,2024-01-24
989,314,2024-02-01,1266,2024-02-01
990,464,2024-01-18,459,2024-01-18
991,218,2024-02-27,3483,2024-03-08
992,458,2024-02-27,3855,2024-03-01
993,482,2024-01-06,882,2024-01-21
994,358,2024-01-09,713,2024-01-14
995,403,2024-02-06,3663,2024-02-06
996,439,2024-01-09,2489,2024-01-10
997,233,2024-02-24,3319,2024-02-27
998,458,2024-02-23,2705,2024-02-26
999,331,2024-01-18,711,2024-01-19
1000,203,2024-01-09,992,2024-01-24
1001,179,2024-01-07,3782,2024-01-07
1002,338,2024-01-21,1089,2024-01-26
1003,374,2024-01-23,3802,2024-01-24
1004,257,2024-01-30,1082,2024-02-01
1005,146,2024-01-11,430,2024-01-13
1006,210,2024-02-23,1315,2024-02-26
1007,146,2024-02-15,3014,2024-02-16
1008,302,2024-02-02,2548,2024-02-02
1009,233,2024-02-22,354,2024-02-22
1010,307,2024-02-24,4654,2024-03-02
1011,483,2024-02-05,875,2024-02-06
1012,336,2024-01-07,1094,2024-01-07
1013,106,2024-01-04,1170,2024-01-05
1014,201,2024-02-22,3149,2024-02-27
1015,451,2024-02-10,4870,2024-02-10
1016,400,2024-01-17,278,2024-01-17
1017,133,2024-01-13,1155,2024-01-20
1018,147,2024-02-27,1103,2024-03-01
1019,121,2024-01-30,1476,2024-01-30
1020,393,2024-01-28,4164,2024-02-02
1021,115,2024-01-25,1515,2024-01-30
1022,281,2024-01-14,2352,2024-01-14
1023,243,2024-01-29,383,2024-01-29
1024,414,2024-02-09,2113,2024-02-24
1025,431,2024-01-19,3475,2024-01-26
1026,381,2024-01-31,818,2024-01-31
1027,243,2024-01-25,3534,2024-01-25
1028,202,2024-02-11,2141,2024-02-21
1029,422,2024-02-21,259,2024-03-02
1030,295,2024-02-20,4029,2024-02-23
1031,378,2024-02-20,2918,2024-02-27
1032,389,2024-02-02,3281,2024-02-05
1033,238,2024-01-12,2712,2024-01-12
1034,405,2024-01-15,2401,2024-01-15
1035,129,2024-02-21,4437,2024-02-28
1036,283,2024-02-19,2006,2024-03-05
1037,181,2024-01-07,2075,2024-01-08
1038,236,2024-02-04,1897,2024-02-04
1039,394,2024-02-24,3006,2024-02-29
1040,188,2024-01-12,4953,2024-01-13
1041,262,2024-02-21,4946,2024-02-24
1042,114,2024-02-15,4750,2024-02-18
1043,388,2024-01-10,1642,2024-01-25
1044,352,2024-02-04,1538,2024-02-06
1045,351,2024-01-03,560,2024-01-03
1046,219,2024-02-08,263,2024-02-09
1047,369,2024-01-31,2817,2024-01-31
1048,414,2024-01-13,2891,2024-01-13
1049,467,2024-01-12,587,2024-01-15
1050,111,2024-01-10,1260,2024-01-25
1051,496,2024-01-08,3089,2024-01-18
1052,137,2024-01-24,4900,2024-01-29
1053,151,2024-01-22,2742,2024-01-24
1054,169,2024-01-11,4091,2024-01-16
1055,432,2024-01-21,4703,2024-01-21
1056,455,2024-02-26,3023,2024-03-12
1057,214,2024-02-12,1536,2024-02-27
1058,293,2024-01-20,1143,2024-01-22
1059,190,2024-02-16,4792,2024-02-16
1060,300,2024-02-24,365,2024-03-10
1061,193,2024-02-08,1909,2024-02-11
1062,427,2024-02-06,4164,2024-02-06
1063,172,2024-01-22,2049,2024-01-22
1064,277,2024-01-21,826,2024-01-21
1065,462,2024-02-12,3758,2024-02-15
1066,105,2024-01-17,2144,2024-01-18
1067,454,2024-01-05,2202,2024-01-08
1068,155,2024-02-16,494,2024-02-16
1069,297,2024-01-29,1462,2024-02-03
1070,311,2024-02-01,2977,2024-02-06
1071,379,2024-01-25,4027,2024-01-25
1072,395,2024-02-11,1432,2024-02-12
1073,331,2024-01-05,2515,2024-01-05
1074,110,2024-01-21,957,2024-01-23
1075,137,2024-01-22,3175,2024-01-22
1076,182,2024-02-16,4581,2024-02-16
1077,147,2024-01-22,4054,2024-02-06
1078,460,2024-01-02,1451,2024-01-07
1079,410,2024-02-26,1386,2024-03-02
1080,127,2024-01-07,1783,2024-01-10
1081,197,2024-01-27,4524,2024-02-06
1082,235,2024-02-12,2536,2024-02-14
1083,221,2024-01-07,3318,2024-01-07
1084,392,2024-02-05,1358,2024-02-12
1085,127,2024-01-24,3602,2024-01-24
1086,144,2024-01-19,4034,2024-02-03
1087,202,2024-01-07,1795,2024-01-07
1088,187,2024-02-10,771,2024-02-12
1089,342,2024-02-24,2626,2024-02-24
1090,303,2024-01-31,2270,2024-02-07
1091,146,2024-02-11,3274,2024-02-21
1092,194,2024-01-24,3126,2024-01-29
1093,195,2024-01-29,2256,2024-01-29
1094,325,2024-01-30,1953,2024-02-01
1095,237,2024-02-06,1338,2024-02-06
1096,485,2024-02-14,802,2024-02-14
1097,442,2024-01-23,3491,2024-02-02
1098,487,2024-02-07,4635,2024-02-08
1099,131,2024-02-23,4380,2024-02-28
1100,314,2024-02-04,4791,2024-02-11
1101,220,2024-01-31,746,2024-02-02
1102,302,2024-02-27,4213,2024-02-27
1103,392,2024-02-27,4781,2024-03-08
1104,446,2024-02-09,1085,2024-02-09
1105,487,2024-01-29,1469,2024-01-29
1106,208,2024-02-21,1133,2024-02-22
1107,121,2024-01-28,3666,2024-01-28
1108,203,2024-02-22,4974,2024-02-22
1109,232,2024-01-21,812,2024-01-21
1110,298,2024-02-05,4622,2024-02-10
1111,266,2024-02-24,4357,2024-02-26
1112,334,2024-02-28,4913,2024-02-28
1113,367,2024-02-20,1021,2024-02-25
1114,312,2024-01-10,4741,2024-01-10
1115,401,2024-02-07,965,2024-02-07
1116,388,2024-02-19,2443,2024-02-19
1117,374,2024-02-26,3466,2024-02-29
1118,235,2024-01-25,4786,2024-02-01
1119,411,2024-01-31,1510,2024-01-31
1120,241,2024-01-26,3390,2024-01-26
1121,119,2024-01-26,2046,2024-01-29
1122,125,2024-02-17,2300,2024-02-24
1123,290,2024-01-02,2582,2024-01-05
1124,259,2024-01-18,904,2024-01-25
1125,216,2024-01-09,3729,2024-01-11
1126,496,2024-02-22,2307,2024-02-25
1127,473,2024-01-27,831,2024-02-11
1128,196,2024-01-29,3435,2024-01-30
1129,479,2024-02-01,3163,2024-02-11
1130,128,2024-02-02,637,2024-02-02
1131,259,2024-02-15,3404,2024-02-25
1132,169,2024-02-19,4758,2024-02-29
1133,114,2024-01-12,1744,2024-01-13
1134,129,2024-01-16,3839,2024-01-16
1135,125,2024-02-28,1731,2024-03-02
1136,240,2024-01-24,4237,2024-01-31
1137,303,2024-02-10,350,2024-02-10
1138,223,2024-01-24,4966,2024-01-31
1139,328,2024-01-12,4907,2024-01-19
1140,382,2024-01-23,1439,2024-01-26
1141,232,2024-02-17,2435,2024-02-17
1142,114,2024-01-25,1434,2024-01-25
1143,392,2024-02-19,1913,2024-02-20
1144,431,2024-01-15,2304,2024-01-16
1145,433,2024-01-27,264,2024-02-06
1146,499,2024-02-19,3983,2024-02-19
1147,167,2024-02-11,169,2024-02-11
1148,214,2024-01-17,2602,2024-02-01
1149,464,2024-02-15,3571,2024-02-17
1150,292,2024-02-24,3860,2024-02-27
1151,229,2024-01-14,2575,2024-01-21
1152,446,2024-02-03,3353,2024-02-18
1153,399,2024-01-07,4290,2024-01-07
1154,439,2024-02-23,4699,2024-02-26
1155,431,2024-02-08,2415,2024-02-23
1156,252,2024-02-13,4046,2024-02-13
1157,132,2024-01-22,2763,2024-01-24
1158,241,2024-01-17,1643,2024-01-19
1159,176,2024-02-03,565,2024-02-04
1160,407,2024-01-26,1246,2024-01-29
1161,469,2024-01-02,2521,2024-01-09
1162,232,2024-02-28,3414,2024-03-04
1163,298,2024-02-17,4876,2024-02-17
1164,462,2024-02-06,2911,2024-02-07
1165,471,2024-02-15,4479,2024-02-16
1166,426,2024-02-20,3036,2024-02-27
1167,359,2024-01-20,4673,2024-01-20
1168,192,2024-01-19,3956,2024-01-19
1169,165,2024-02-17,4679,2024-02-19
1170,490,2024-02-28,2849,2024-02-28
1171,435,2024-01-06,3010,2024-01-07
1172,214,2024-02-17,3544,2024-02-19
1173,269,2024-01-24,4896,2024-01-26
1174,250,2024-01-30,3954,2024-01-30
1175,127,2024-02-25,4853,2024-03-11
1176,417,2024-01-05,1693,2024-01-12
1177,356,2024-01-08,4440,2024-01-13
1178,252,2024-01-27,1335,2024-01-27
1179,170,2024-01-13,3452,2024-01-16
1180,391,2024-02-27,1273,2024-03-05
1181,261,2024-02-25,762,2024-02-25
1182,349,2024-01-22,2667,2024-01-22
1183,424,2024-01-04,3803,2024-01-04
1184,240,2024-01-14,4820,2024-01-14
1185,491,2024-01-11,821,2024-01-18
1186,166,2024-02-09,3617,2024-02-14
1187,306,2024-01-28,3240,2024-02-04
1188,102,2024-01-03,1733,2024-01-13
1189,474,2024-01-24,2739,2024-01-24
1190,487,2024-02-23,1661,2024-03-04
1191,109,2024-02-13,2138,2024-02-13
1192,215,2024-02-14,2656,2024-02-17
1193,166,2024-01-07,4223,2024-01-12
1194,401,2024-01-20,634,2024-01-20
1195,123,2024-01-20,3834,2024-01-22
1196,472,2024-02-03,4393,2024-02-18
1197,272,2024-01-28,2907,2024-01-28
1198,350,2024-01-23,1450,2024-01-24
1199,306,2024-01-02,1937,2024-01-03
1200,472,2024-01-09,279,2024-01-10
1201,401,2024-02-02,1108,2024-02-02
1202,287,2024-02-15,3173,2024-02-15
1203,427,2024-01-17,498,2024-01-27
1204,404,2024-01-04,261,2024-01-04
1205,124,2024-02-14,3514,2024-02-14
1206,327,2024-01-25,4583,2024-01-25
1207,229,2024-01-31,1783,2024-01-31
1208,455,2024-02-13,2566,2024-02-13
1209,315,2024-02-12,4362,2024-02-12
1210,238,2024-02-09,1223,2024-02-24
1211,314,2024-02-23,4290,2024-02-23
1212,468,2024-02-09,2415,2024-02-09
1213,158,2024-02-20,4177,2024-02-20
1214,201,2024-02-08,2254,2024-02-09
1215,367,2024-01-13,3456,2024-01-16
1216,251,2024-01-11,4590,2024-01-11
1217,354,2024-02-28,4037,2024-02-29
1218,269,2024-01-16,204,2024-01-16
1219,443,2024-01-06,4803,2024-01-06
1220,442,2024-02-01,837,2024-02-01
1221,499,2024-02-02,929,2024-02-02
1222,231,2024-02-11,3841,2024-02-12
1223,251,2024-01-17,510,2024-01-24
1224,151,2024-02-22,423,2024-02-22
1225,248,2024-01-24,3589,2024-01-27
1226,478,2024-01-08,475,2024-01-08
1227,104,2024-02-24,1496,2024-02-24
1228,268,2024-01-23,2297,2024-01-30
1229,475,2024-01-06,2907,2024-01-09
1230,193,2024-01-08,3378,2024-01-13
1231,333,2024-01-18,4017,2024-01-23
1232,315,2024-02-11,1026,2024-02-11
1233,167,2024-02-14,1405,2024-02-14
1234,153,2024-01-27,4054,2024-02-11
1235,391,2024-02-13,1584,2024-02-20
1236,412,2024-01-25,336,2024-01-28
1237,450,2024-02-26,4057,2024-02-26
1238,349,2024-01-08,3710,2024-01-13
1239,123,2024-01-05,2674,2024-01-07
1240,106,2024-02-15,4823,2024-02-25
1241,470,2024-02-06,2871,2024-02-07
1242,365,2024-02-03,880,2024-02-18
1243,321,2024-02-12,4047,2024-02-13
1244,277,2024-02-12,1317,2024-02-17
1245,385,2024-02-27,547,2024-03-13
1246,105,2024-02-11,4241,2024-02-11
1247,340,2024-02-24,1454,2024-03-02
1248,138,2024-02-18,2726,2024-02-25
1249,223,2024-01-22,512,2024-01-24
1250,359,2024-01-15,3201,2024-01-25
1251,306,2024-02-22,745,2024-02-23
1252,335,2024-01-29,3770,2024-02-13
1253,145,2024-02-24,3762,2024-03-02
1254,261,2024-01-08,245,2024-01-15
1255,152,2024-01-26,393,2024-01-31
1256,385,2024-02-05,844,2024-02-05
1257,409,2024-02-09,4264,2024-02-11
1258,387,2024-01-14,2892,2024-01-21
1259,286,2024-02-22,1926,2024-02-22
1260,332,2024-01-22,3975,2024-02-01
1261,466,2024-02-12,3807,2024-02-15
1262,158,2024-01-07,117,2024-01-08
1263,274,2024-01-23,4586,2024-01-25
1264,367,2024-01-24,475,2024-01-24
1265,184,2024-02-01,3452,2024-02-01
1266,154,2024-01-17,1704,2024-02-01
1267,196,2024-01-08,1866,2024-01-13
1268,334,2024-02-22,2868,2024-02-23
1269,155,2024-02-18,480,2024-02-23
1270,424,2024-02-23,1109,2024-03-09
1271,495,2024-02-27,3846,2024-03-05
1272,437,2024-02-07,1202,2024-02-17
1273,355,2024-01-01,497,2024-01-11
1274,383,2024-02-29,4893,2024-03-05
1275,347,2024-02-29,1551,2024-03-10
1276,454,2024-02-07,1151,2024-02-07
1277,153,2024-01-25,2736,2024-02-09
1278,358,2024-02-26,3529,2024-03-02
1279,411,2024-02-28,2341,2024-02-29
1280,303,2024-01-22,3809,2024-01-24
1281,168,2024-01-09,4296,2024-01-14
1282,253,2024-02-23,2671,2024-03-04
1283,464,2024-02-17,1880,2024-02-27
1284,202,2024-01-14,2480,2024-01-29
1285,451,2024-01-23,1556,2024-01-23
1286,357,2024-02-04,1045,2024-02-07
1287,489,2024-01-23,4035,2024-02-02
1288,398,2024-02-06,4473,2024-02-11
1289,246,2024-02-26,204,2024-03-02
1290,367,2024-01-07,3220,2024-01-07
1291,174,2024-01-04,1737,2024-01-04
1292,236,2024-02-18,2447,2024-02-18
1293,449,2024-01-17,608,2024-01-17
1294,453,2024-02-20,1771,2024-02-22
1295,485,2024-02-04,3038,2024-02-04
1296,331,2024-01-07,4702,2024-01-22
1297,214,2024-02-17,3285,2024-02-27
1298,221,2024-02-02,484,2024-02-04
1299,295,2024-01-25,2661,2024-01-30
1300,382,2024-01-04,2158,2024-01-04
1301,203,2024-02-09,1947,2024-02-16
1302,424,2024-02-15,4920,2024-02-18
1303,379,2024-02-17,1709,2024-03-03
1304,497,2024-02-16,2509,2024-02-17
1305,329,2024-01-12,1631,2024-01-12
1306,188,2024-02-17,1077,2024-02-27
1307,293,2024-01-03,2386,2024-01-08
1308,384,2024-01-17,1418,2024-01-17
1309,399,2024-02-24,146,2024-02-26
1310,269,2024-01-30,427,2024-01-30
1311,178,2024-02-29,4989,2024-03-03
1312,126,2024-02-19,2567,2024-03-05
1313,351,2024-02-20,4606,2024-03-06
1314,283,2024-01-05,4404,2024-01-08
1315,212,2024-01-12,658,2024-01-22
1316,358,2024-01-11,4548,2024-01-16
1317,374,2024-01-26,2962,2024-01-26
1318,213,2024-02-26,2818,2024-02-27
1319,269,2024-01-24,1889,2024-01-26
1320,485,2024-02-09,3990,2024-02-19
1321,387,2024-02-22,1039,2024-02-22
1322,442,2024-01-23,2068,2024-01-30
1323,428,2024-02-09,2097,2024-02-24
1324,120,2024-02-13,3224,2024-02-16
1325,158,2024-01-25,4525,2024-01-27
1326,470,2024-01-19,4334,2024-01-19
1327,494,2024-01-24,4267,2024-02-03
1328,328,2024-02-01,2528,2024-02-01
1329,433,2024-01-13,4309,2024-01-16
1330,142,2024-01-07,4507,2024-01-07
1331,373,2024-01-01,1826,2024-01-01
1332,443,2024-02-10,3575,2024-02-11
1333,153,2024-01-14,3665,2024-01-24
1334,431,2024-02-22,1359,2024-02-22
1335,112,2024-01-30,410,2024-02-02
1336,144,2024-01-05,1558,2024-01-05
1337,228,2024-02-05,4810,2024-02-05
1338,216,2024-02-28,3439,2024-03-01
1339,298,2024-01-29,3647,2024-02-03
1340,261,2024-01-02,1069,2024-01-07
1341,373,2024-01-01,618,2024-01-16
1342,487,2024-02-17,472,2024-03-03
1343,458,2024-02-24,3030,2024-02-24
1344,357,2024-01-07,2568,2024-01-09
1345,410,2024-01-06,3685,2024-01-08
1346,295,2024-01-26,3982,2024-01-26
1347,180,2024-02-04,1217,2024-02-05
1348,482,2024-01-26,2516,2024-02-05
1349,424,2024-01-10,3156,2024-01-12
1350,105,2024-02-05,1258,2024-02-15
1351,163,2024-01-03,4791,2024-01-03
1352,405,2024-01-26,4585,2024-02-05
1353,143,2024-01-20,2916,2024-01-21
1354,208,2024-01-27,1266,2024-02-06
1355,182,2024-01-12,2170,2024-01-13
1356,199,2024-01-08,4747,2024-01-08
1357,127,2024-02-24,3878,2024-03-05
1358,430,2024-02-05,2481,2024-02-05
1359,443,2024-01-05,904,2024-01-07
1360,201,2024-02-16,4091,2024-03-02
1361,269,2024-01-23,2021,2024-01-23
1362,151,2024-01-19,671,2024-02-03
1363,199,2024-01-21,3791,2024-01-28
1364,268,2024-02-09,4885,2024-02-11
1365,178,2024-02-06,3085,2024-02-21
1366,261,2024-01-28,139,2024-01-28
1367,260,2024-01-16,3672,2024-01-17
1368,241,2024-02-23,1200,2024-02-26
1369,447,2024-02-16,4031,2024-02-19
1370,336,2024-01-29,2602,2024-02-01
1371,349,2024-02-05,1539,2024-02-05
1372,430,2024-02-08,2398,2024-02-08
1373,171,2024-02-27,1709,2024-03-08
1374,234,2024-02-16,717,2024-02-16
1375,109,2024-02-24,355,2024-03-05
1376,397,2024-02-07,4933,2024-02-12
1377,208,2024-02-28,4618,2024-02-28
1378,233,2024-02-04,3967,2024-02-14
1379,434,2024-02-19,3096,2024-02-19
1380,300,2024-01-15,2483,2024-01-30
1381,168,2024-01-30,4281,2024-02-09
1382,146,2024-01-26,4213,2024-01-29
1383,105,2024-02-12,1458,2024-02-13
1384,487,2024-02-02,3755,2024-02-02
1385,181,2024-01-12,4735,2024-01-27
1386,437,2024-02-25,4060,2024-02-25
1387,283,2024-01-03,4094,2024-01-04
1388,218,2024-01-05,3126,2024-01-07
1389,219,2024-01-03,4342,2024-01-04
1390,284,2024-01-25,3824,2024-02-01
1391,123,2024-01-03,945,2024-01-06
1392,460,2024-02-03,2257,2024-02-05
1393,396,2024-02-04,1524,2024-02-19
1394,292,2024-02-11,3092,2024-02-16
1395,400,2024-02-11,4332,2024-02-11
1396,228,2024-01-25,4330,2024-01-26
1397,307,2024-01-23,4088,2024-01-26
1398,346,2024-02-26,154,2024-03-12
1399,356,2024-02-26,3703,2024-02-26
1400,184,2024-01-15,4315,2024-01-15
1401,429,2024-01-18,1330,2024-01-19
1402,195,2024-01-11,1069,2024-01-14
1403,438,2024-01-15,2805,2024-01-20
1404,468,2024-01-08,4022,2024-01-15
1405,345,2024-01-14,1420,2024-01-29
1406,431,2024-02-23,283,2024-02-28
1407,224,2024-01-03,4798,2024-01-03
1408,403,2024-01-11,4299,2024-01-11
1409,120,2024-02-27,1303,2024-03-13
1410,128,2024-01-11,1574,2024-01-13
1411,364,2024-01-26,4717,2024-02-10
1412,426,2024-01-02,802,2024-01-04
1413,210,2024-01-29,3961,2024-02-13
1414,346,2024-01-11,3465,2024-01-12
1415,407,2024-01-10,1589,2024-01-25
1416,419,2024-02-12,2266,2024-02-22
1417,185,2024-02-16,3814,2024-02-19
1418,405,2024-02-07,1982,2024-02-07
1419,293,2024-01-25,989,2024-01-25
1420,108,2024-01-13,4231,2024-01-23
1421,450,2024-01-27,888,2024-01-27
1422,190,2024-01-31,419,2024-02-15
1423,372,2024-02-02,863,2024-02-02
1424,346,2024-02-12,4517,2024-02-12
1425,100,2024-02-27,4376,2024-03-03
1426,315,2024-01-24,4440,2024-01-24
1427,319,2024-01-15,3223,2024-01-22
1428,279,2024-02-07,900,2024-02-22
1429,317,2024-01-09,4008,2024-01-11
1430,492,2024-01-15,2420,2024-01-15
1431,406,2024-02-26,3447,2024-03-07
1432,231,2024-01-13,158,2024-01-13
1433,395,2024-02-03,4357,2024-02-03
1434,103,2024-01-25,2687,2024-01-26
1435,309,2024-01-24,1367,2024-01-24
1436,318,2024-02-11,2177,2024-02-26
1437,233,2024-02-24,3569,2024-03-05
1438,389,2024-01-24,2357,2024-02-08
1439,448,2024-01-26,3485,2024-01-27
1440,382,2024-02-20,4052,2024-03-01
1441,191,2024-01-24,4645,2024-02-03
1442,347,2024-01-17,4832,2024-01-19
1443,276,2024-02-19,1231,2024-02-24
1444,437,2024-01-08,3758,2024-01-09
1445,500,2024-02-14,921,2024-02-14
1446,209,2024-02-02,2872,2024-02-07
1447,381,2024-02-09,1416,2024-02-09
1448,299,2024-02-10,846,2024-02-10
1449,174,2024-01-31,3666,2024-02-15
1450,145,2024-01-05,1916,2024-01-07
1451,289,2024-01-06,409,2024-01-21
1452,470,2024-01-25,4368,2024-01-30
1453,246,2024-02-15,570,2024-03-01
1454,496,2024-02-22,4149,2024-02-22
1455,324,2024-01-01,4344,2024-01-02
1456,246,2024-01-13,4282,2024-01-13
1457,364,2024-02-14,1488,2024-02-15
1458,445,2024-01-03,2059,2024-01-06
1459,435,2024-01-01,811,2024-01-01
1460,241,2024-02-19,2992,2024-02-24
1461,442,2024-01-26,4901,2024-01-31
1462,202,2024-02-03,662,2024-02-03
1463,146,2024-02-05,4680,2024-02-07
1464,398,2024-01-23,2365,2024-01-26
1465,215,2024-02-08,3825,2024-02-09
1466,306,2024-02-06,2238,2024-02-06
1467,189,2024-01-27,972,2024-02-06
1468,386,2024-01-05,2510,2024-01-15
1469,274,2024-01-08,2211,2024-01-18
1470,375,2024-02-22,2149,2024-03-08
1471,455,2024-01-29,4713,2024-02-03
1472,347,2024-02-19,2882,2024-02-20
1473,497,2024-01-30,4907,2024-02-06
1474,114,2024-01-31,2212,2024-01-31
1475,134,2024-01-25,1983,2024-01-26
1476,261,2024-01-27,4331,2024-01-30
1477,374,2024-01-01,2133,2024-01-03
1478,247,2024-01-06,2901,2024-01-11
1479,138,2024-02-05,4003,2024-02-05
1480,260,2024-01-23,4799,2024-01-24
1481,237,2024-01-12,4187,2024-01-13
1482,477,2024-01-13,2082,2024-01-14
1483,235,2024-01-14,1761,2024-01-15
1484,227,2024-02-23,3016,2024-03-09
1485,179,2024-02-19,1082,2024-02-19
1486,140,2024-02-13,154,2024-02-20
1487,491,2024-02-24,446,2024-03-05
1488,346,2024-01-24,2683,2024-02-08
1489,352,2024-02-27,2350,2024-03-13
1490,351,2024-01-12,2395,2024-01-22
1491,303,2024-01-15,1150,2024-01-30
1492,127,2024-02-03,4018,2024-02-08
1493,376,2024-01-03,2944,2024-01-13
1494,301,2024-02-25,3845,2024-02-25
1495,161,2024-02-14,3868,2024-02-24
1496,261,2024-02-14,196,2024-02-14
1497,445,2024-01-14,4859,2024-01-19
1498,151,2024-01-21,2227,2024-01-24
1499,195,2024-02-05,2042,2024-02-07
1500,237,2024-01-31,2910,2024-02-15
1501,287,2024-01-12,3572,2024-01-19
1502,207,2024-01-27,3090,2024-01-30
1503,305,2024-01-18,1573,2024-01-25
1504,392,2024-01-09,1972,2024-01-24
1505,151,2024-02-16,2031,2024-02-18
1506,384,2024-01-28,1706,2024-02-02
1507,174,2024-02-21,3974,2024-02-21
1508,104,2024-01-12,4192,2024-01-17
1509,168,2024-02-27,4474,2024-03-08
1510,468,2024-01-21,2557,2024-01-28
1511,228,2024-02-05,490,2024-02-20
1512,303,2024-01-07,591,2024-01-07
1513,210,2024-02-22,4003,2024-02-24
1514,422,2024-01-07,2841,2024-01-14
1515,233,2024-01-24,4690,2024-01-27
1516,385,2024-02-29,2919,2024-03-02
1517,110,2024-01-27,2976,2024-01-27
1518,447,2024-02-08,4825,2024-02-09
1519,394,2024-02-11,1529,2024-02-21
1520,499,2024-01-19,2763,2024-01-22
1521,444,2024-02-02,3761,2024-02-09
1522,140,2024-01-25,2447,2024-02-09
1523,337,2024-02-10,1472,2024-02-10
1524,427,2024-02-21,3555,2024-02-24
1525,423,2024-02-09,3415,2024-02-24
1526,136,2024-01-06,2914,2024-01-06
1527,216,2024-01-21,2486,2024-01-24
1528,463,2024-01-18,3339,2024-02-02
1529,238,2024-02-26,3075,2024-03-04
1530,482,2024-02-07,3788,2024-02-17
1531,311,2024-01-11,289,2024-01-11
1532,164,2024-02-16,2161,2024-02-17
1533,480,2024-02-14,1825,2024-02-14
1534,185,2024-01-26,882,2024-01-26
1535,132,2024-02-29,4592,2024-03-07
1536,127,2024-01-02,4392,2024-01-07
1537,491,2024-01-06,2250,2024-01-06
1538,416,2024-01-10,3293,2024-01-10
1539,258,2024-01-15,2427,2024-01-16
1540,326,2024-02-10,1175,2024-02-10
1541,369,2024-02-23,334,2024-02-23
1542,117,2024-02-12,2764,2024-02-15
1543,343,2024-01-30,2331,2024-02-09
1544,380,2024-01-29,4517,2024-01-29
1545,190,2024-02-07,3840,2024-02-22
1546,423,2024-02-17,3663,2024-03-03
1547,368,2024-02-10,2636,2024-02-20
1548,277,2024-01-31,1960,2024-02-10
1549,145,2024-01-29,3096,2024-01-31
1550,311,2024-01-17,2586,2024-01-17
1551,105,2024-01-01,1216,2024-01-11
1552,276,2024-01-19,4483,2024-01-26
1553,104,2024-02-14,4008,2024-02-21
1554,253,2024-01-01,2499,2024-01-06
1555,405,2024-01-15,4590,2024-01-15
1556,291,2024-01-13,4692,2024-01-18
1557,323,2024-01-26,1437,2024-01-27
1558,466,2024-02-17,3199,2024-02-22
1559,212,2024-01-17,3558,2024-01-17
1560,420,2024-01-16,2327,2024-01-26
1561,245,2024-02-11,2302,2024-02-21
1562,311,2024-01-13,1594,2024-01-13
1563,169,2024-01-19,3830,2024-01-19
1564,416,2024-01-29,4130,2024-01-31
1565,196,2024-01-21,1346,2024-01-21
1566,125,2024-02-04,1623,2024-02-04
1567,152,2024-01-19,1124,2024-01-21
1568,466,2024-01-29,2007,2024-01-29
1569,146,2024-01-10,4143,2024-01-10
1570,211,2024-01-22,2652,2024-01-27
1571,355,2024-01-24,359,2024-01-31
1572,269,2024-01-06,559,2024-01-06
1573,236,2024-02-19,684,2024-02-24
1574,378,2024-01-31,1674,2024-01-31
1575,228,2024-02-22,203,2024-02-27
1576,162,2024-02-19,3252,2024-02-20
1577,494,2024-01-29,374,2024-01-30
1578,201,2024-01-30,4369,2024-01-30
1579,440,2024-01-14,3287,2024-01-21
1580,448,2024-01-20,1399,2024-01-23
1581,422,2024-02-16,4602,2024-02-16
1582,366,2024-01-08,4042,2024-01-10
1583,426,2024-01-20,3052,2024-01-21
1584,126,2024-02-25,1025,2024-02-26
1585,220,2024-02-10,2758,2024-02-15
1586,107,2024-01-11,4889,2024-01-13
1587,161,2024-01-26,173,2024-01-27
1588,121,2024-02-07,4984,2024-02-14
1589,179,2024-01-24,2137,2024-01-24
1590,180,2024-02-01,2872,2024-02-01
1591,488,2024-02-10,589,2024-02-10
1592,282,2024-02-11,4493,2024-02-11
1593,154,2024-01-09,2006,2024-01-16
1594,262,2024-02-05,3693,2024-02-08
1595,475,2024-01-13,3194,2024-01-13
1596,283,2024-02-16,2153,2024-02-16
1597,120,2024-02-01,4679,2024-02-08
1598,250,2024-02-04,1654,2024-02-11
1599,390,2024-01-12,2948,2024-01-22
1600,265,2024-02-16,2355,2024-02-23
1601,406,2024-02-28,1413,2024-03-09
1602,135,2024-02-03,3781,2024-02-03
1603,251,2024-02-22,4536,2024-02-24
1604,287,2024-01-30,4244,2024-01-30
1605,294,2024-02-16,253,2024-02-16
1606,417,2024-02-24,2056,2024-02-27
1607,264,2024-02-16,4515,2024-02-16
1608,298,2024-01-13,4175,2024-01-23
1609,492,2024-02-05,2419,2024-02-05
1610,265,2024-01-27,1004,2024-01-30
1611,149,2024-02-03,458,2024-02-03
1612,166,2024-01-12,1755,2024-01-12
1613,154,2024-02-01,908,2024-02-02
1614,116,2024-02-06,4113,2024-02-11
1615,369,2024-02-09,2196,2024-02-24
1616,125,2024-01-24,680,2024-01-25
1617,106,2024-02-29,4125,2024-03-01
1618,140,2024-01-30,3056,2024-01-30
1619,385,2024-02-17,3123,2024-02-22
1620,462,2024-01-04,2277,2024-01-19
1621,370,2024-01-03,2589,2024-01-03
1622,139,2024-01-14,895,2024-01-24
1623,151,2024-02-16,4455,2024-02-17
1624,297,2024-01-13,4410,2024-01-14
1625,436,2024-01-16,1565,2024-01-31
1626,385,2024-02-17,3501,2024-02-27
1627,482,2024-01-07,3032,2024-01-22
1628,445,2024-01-30,952,2024-02-04
1629,185,2024-02-20,4605,2024-02-20
1630,305,2024-02-02,1395,2024-02-05
1631,373,2024-02-08,2986,2024-02-15
1632,261,2024-02-05,3145,2024-02-08
1633,311,2024-02-18,2749,2024-02-23
1634,411,2024-01-16,4569,2024-01-31
1635,209,2024-01-25,2181,2024-02-04
1636,284,2024-01-29,3352,2024-02-05
1637,100,2024-02-16,2430,2024-02-16
1638,405,2024-01-02,1206,2024-01-12
1639,254,2024-01-01,1917,2024-01-03
1640,209,2024-02-24,277,2024-02-27
1641,495,2024-02-22,4635,2024-02-24
1642,361,2024-02-05,4782,2024-02-20
1643,179,2024-01-07,3871,2024-01-07
1644,282,2024-01-10,2270,2024-01-10
1645,287,2024-02-26,2146,2024-03-12
1646,219,2024-01-17,852,2024-01-19
1647,392,2024-01-26,1881,2024-02-10
1648,475,2024-01-05,4052,2024-01-08
1649,188,2024-02-01,881,2024-02-16
1650,404,2024-02-11,406,2024-02-13
1651,474,2024-02-21,3225,2024-03-07
1652,140,2024-02-19,2839,2024-02-19
1653,278,2024-02-26,3512,2024-03-02
1654,161,2024-02-25,193,2024-02-26
1655,424,2024-02-19,543,2024-02-24
1656,256,2024-02-03,2715,2024-02-03
1657,376,2024-02-06,2777,2024-02-06
1658,357,2024-02-14,1354,2024-02-15
1659,125,2024-02-13,3750,2024-02-18
1660,485,2024-02-08,4234,2024-02-23
1661,146,2024-01-15,2473,2024-01-20
1662,301,2024-01-10,2853,2024-01-10
1663,142,2024-01-31,503,2024-02-15
1664,380,2024-01-26,796,2024-01-28
1665,304,2024-02-02,1168,2024-02-07
1666,490,2024-01-09,4681,2024-01-16
1667,201,2024-02-01,4780,2024-02-06
1668,200,2024-02-05,4394,2024-02-20
1669,226,2024-01-16,2281,2024-01-16
1670,497,2024-01-28,4818,2024-01-31
1671,145,2024-01-08,3569,2024-01-13
1672,287,2024-01-23,2727,2024-01-24
1673,276,2024-02-08,2597,2024-02-08
1674,186,2024-01-23,3722,2024-02-07
1675,419,2024-01-10,467,2024-01-17
1676,219,2024-01-13,1377,2024-01-16
1677,487,2024-02-16,1020,2024-02-16
1678,478,2024-01-04,1309,2024-01-05
1679,247,2024-01-01,1011,2024-01-04
1680,256,2024-01-29,286,2024-02-05
1681,269,2024-01-14,1835,2024-01-24
1682,204,2024-02-04,2218,2024-02-14
1683,380,2024-01-31,1257,2024-02-15
1684,455,2024-02-14,3185,2024-02-14
1685,398,2024-02-27,456,2024-03-08
1686,230,2024-01-11,2426,2024-01-11
1687,202,2024-02-20,2322,2024-03-06
1688,127,2024-01-30,645,2024-01-30
1689,298,2024-02-12,3050,2024-02-14
1690,155,2024-01-02,3266,2024-01-04
1691,218,2024-01-25,915,2024-02-04
1692,261,2024-02-01,4454,2024-02-16
1693,145,2024-01-12,4201,2024-01-13
1694,334,2024-02-05,425,2024-02-05
1695,226,2024-02-29,2597,2024-03-10
1696,270,2024-02-01,1386,2024-02-06
1697,109,2024-01-23,3011,2024-01-26
1698,420,2024-01-20,4206,2024-01-21
1699,241,2024-02-21,2210,2024-02-21
1700,298,2024-02-26,4646,2024-02-26
1701,243,2024-01-15,2899,2024-01-15
1702,301,2024-02-12,819,2024-02-12
1703,473,2024-01-25,1963,2024-02-04
1704,313,2024-01-16,1351,2024-01-31
1705,318,2024-01-20,2797,2024-02-04
1706,329,2024-02-04,1793,2024-02-04
1707,434,2024-01-09,4534,2024-01-24
1708,450,2024-02-21,1231,2024-02-22
1709,258,2024-02-14,1207,2024-02-24
1710,320,2024-02-28,4727,2024-02-28
1711,180,2024-01-21,4665,2024-01-21
1712,372,2024-02-16,1608,2024-02-16
1713,262,2024-02-23,341,2024-02-23
1714,491,2024-01-21,3468,2024-01-26
1715,255,2024-01-29,1344,2024-01-31
1716,498,2024-01-13,1177,2024-01-13
1717,194,2024-01-02,2286,2024-01-17
1718,410,2024-02-06,1991,2024-02-21
1719,405,2024-01-15,313,2024-01-16
1720,283,2024-01-06,1198,2024-01-13
1721,357,2024-02-24,3940,2024-03-10
1722,464,2024-02-11,1607,2024-02-14
1723,298,2024-02-01,1226,2024-02-08
1724,183,2024-01-13,364,2024-01-14
1725,309,2024-02-18,2310,2024-02-18
1726,311,2024-01-15,1775,2024-01-16
1727,133,2024-01-12,4113,2024-01-19
1728,452,2024-01-21,2121,2024-01-28
1729,318,2024-01-26,3216,2024-01-26
1730,468,2024-01-21,4785,2024-01-26
1731,404,2024-02-04,415,2024-02-14
1732,366,2024-01-07,3842,2024-01-14
1733,121,2024-02-26,4349,2024-02-27
1734,375,2024-01-26,4668,2024-01-26
1735,298,2024-02-03,1655,2024-02-03
1736,249,2024-01-29,2594,2024-02-03
1737,496,2024-02-22,3879,2024-02-24
1738,185,2024-01-28,546,2024-01-30
1739,453,2024-02-03,3897,2024-02-03
1740,430,2024-01-29,4201,2024-01-29
1741,157,2024-01-12,4576,2024-01-27
1742,169,2024-01-26,2749,2024-01-31
1743,330,2024-01-02,3816,2024-01-02
1744,402,2024-02-27,3824,2024-02-28
1745,146,2024-01-17,1443,2024-01-20
1746,467,2024-02-16,847,2024-02-16
1747,158,2024-02-15,3073,2024-02-22
1748,143,2024-02-03,4291,2024-02-08
1749,413,2024-01-11,4608,2024-01-16
1750,294,2024-01-03,2845,2024-01-03
1751,389,2024-02-25,1428,2024-02-25
1752,174,2024-01-12,3537,2024-01-12
1753,257,2024-01-20,2465,2024-01-27
1754,420,2024-01-12,1177,2024-01-12
1755,203,2024-01-01,2173,2024-01-16
1756,106,2024-01-30,4184,2024-02-06
1757,378,2024-02-21,4142,2024-02-21
1758,221,2024-01-14,3997,2024-01-29
1759,332,2024-01-27,750,2024-02-03
1760,407,2024-02-08,2104,2024-02-08
1761,380,2024-01-18,4667,2024-02-02
1762,206,2024-01-04,1314,2024-01-04
1763,128,2024-02-11,400,2024-02-14
1764,174,2024-02-24,4835,2024-02-24
1765,408,2024-01-20,818,2024-01-23
1766,125,2024-01-07,1560,2024-01-12
1767,182,2024-02-13,4973,2024-02-15
1768,393,2024-02-20,1553,2024-03-01
1769,333,2024-02-17,3050,2024-03-03
1770,118,2024-01-06,2744,2024-01-08
1771,288,2024-02-27,654,2024-03-03
1772,488,2024-01-28,631,2024-02-07
1773,249,2024-01-31,1099,2024-01-31
1774,455,2024-02-25,2796,2024-02-27
1775,369,2024-01-27,1819,2024-02-06
1776,456,2024-01-14,576,2024-01-29
1777,155,2024-02-06,818,2024-02-16
1778,347,2024-02-16,2452,2024-03-02
1779,318,2024-02-08,2227,2024-02-11
1780,369,2024-02-06,2998,2024-02-21
1781,166,2024-02-09,4166,2024-02-24
1782,366,2024-02-16,4134,2024-02-23
1783,192,2024-02-26,2006,2024-03-12
1784,462,2024-01-19,112,2024-01-20
1785,160,2024-01-02,1066,2024-01-09
1786,477,2024-02-24,3496,2024-02-25
1787,311,2024-01-03,2964,2024-01-06
1788,386,2024-02-21,192,2024-02-22
1789,427,2024-01-13,2184,2024-01-15
1790,134,2024-01-20,4250,2024-01-22
1791,381,2024-01-21,1032,2024-01-21
1792,451,2024-01-22,3344,2024-01-25
1793,470,2024-02-06,338,2024-02-21
1794,189,2024-01-13,2868,2024-01-16
1795,444,2024-01-31,391,2024-02-07
1796,430,2024-01-09,1372,2024-01-16
1797,421,2024-01-30,2845,2024-02-09
1798,336,2024-02-20,558,2024-02-25
1799,366,2024-01-20,2684,2024-02-04
1800,384,2024-02-04,1806,2024-02-04
1801,395,2024-02-13,2996,2024-02-16
1802,133,2024-01-10,355,2024-01-12
1803,273,2024-01-25,1459,2024-02-04
1804,392,2024-02-08,1635,2024-02-13
1805,404,2024-01-08,2676,2024-01-10
1806,463,2024-01-03,3490,2024-01-05
1807,144,2024-02-01,3144,2024-02-02
1808,331,2024-02-23,1870,2024-02-25
1809,368,2024-01-20,1019,2024-01-20
1810,291,2024-02-20,1755,2024-02-20
1811,147,2024-01-29,304,2024-02-08
1812,347,2024-02-27,1362,2024-03-08
1813,197,2024-01-22,4389,2024-01-29
1814,258,2024-02-19,1273,2024-02-22
1815,493,2024-02-25,4328,2024-02-25
1816,446,2024-01-09,399,2024-01-10
1817,335,2024-01-25,1048,2024-02-04
1818,102,2024-01-20,4968,2024-01-20
1819,144,2024-01-22,477,2024-01-29
1820,152,2024-02-03,284,2024-02-05
1821,395,2024-02-18,1819,2024-02-20
1822,264,2024-01-13,2447,2024-01-14
1823,241,2024-02-04,3713,2024-02-07
1824,443,2024-01-08,1323,2024-01-10
1825,180,2024-01-18,224,2024-01-18
1826,418,2024-02-05,938,2024-02-15
1827,205,2024-02-04,4600,2024-02-07
1828,263,2024-01-18,2420,2024-01-18
1829,393,2024-01-16,683,2024-01-16
1830,259,2024-02-09,4528,2024-02-12
1831,327,2024-01-04,337,2024-01-04
1832,341,2024-02-27,967,2024-02-27
1833,296,2024-01-04,3593,2024-01-04
1834,300,2024-01-12,4955,2024-01-27
1835,422,2024-02-23,3013,2024-03-01
1836,259,2024-01-22,4470,2024-01-23
1837,140,2024-02-29,4751,2024-03-07
1838,167,2024-01-06,896,2024-01-13
1839,333,2024-01-20,3954,2024-01-27
1840,218,2024-01-15,2213,2024-01-15
1841,286,2024-01-26,2806,2024-01-26
1842,266,2024-01-30,347,2024-02-06
1843,133,2024-01-31,2979,2024-01-31
1844,345,2024-01-30,2412,2024-01-30
1845,493,2024-01-23,4807,2024-02-07
1846,165,2024-02-02,3423,2024-02-02
1847,465,2024-02-20,2769,2024-02-20
1848,384,2024-02-11,2574,2024-02-11
1849,372,2024-01-30,4937,2024-02-04
1850,311,2024-01-16,2096,2024-01-31
1851,380,2024-01-11,3244,2024-01-18
1852,133,2024-01-22,4941,2024-01-23
1853,320,2024-02-20,4746,2024-02-25
1854,275,2024-02-04,1517,2024-02-05
1855,439,2024-02-12,4803,2024-02-12
1856,349,2024-01-08,4983,2024-01-23
1857,337,2024-01-21,899,2024-01-31
1858,327,2024-01-12,3424,2024-01-14
1859,135,2024-02-08,4985,2024-02-08
1860,494,2024-02-22,2782,2024-02-27
1861,353,2024-02-11,841,2024-02-11
1862,211,2024-02-22,4857,2024-02-22
1863,486,2024-02-10,1301,2024-02-10
1864,438,2024-01-10,4452,2024-01-17
1865,249,2024-01-25,4834,2024-02-09
1866,328,2024-01-13,2693,2024-01-14
1867,253,2024-02-06,3661,2024-02-08
1868,467,2024-02-28,831,2024-03-02
1869,398,2024-01-01,4281,2024-01-16
1870,306,2024-02-24,2509,2024-02-24
1871,131,2024-01-24,535,2024-02-03
1872,100,2024-02-15,3042,2024-02-25
1873,156,2024-02-25,355,2024-02-27
1874,220,2024-01-28,3329,2024-02-12
1875,420,2024-01-21,3426,2024-01-26
1876,295,2024-01-28,1830,2024-02-07
1877,439,2024-01-12,1239,2024-01-19
1878,196,2024-02-05,3051,2024-02-10
1879,313,2024-01-10,1128,2024-01-12
1880,168,2024-01-01,228,2024-01-01
1881,173,2024-02-16,3677,2024-02-23
1882,169,2024-01-06,3506,2024-01-06
1883,333,2024-02-27,3587,2024-03-13
1884,419,2024-01-12,4273,2024-01-19
1885,317,2024-02-05,3251,2024-02-12
1886,281,2024-01-15,3579,2024-01-15
1887,409,2024-01-01,4180,2024-01-16
1888,474,2024-01-16,2305,2024-01-26
1889,310,2024-02-29,4821,2024-03-10
1890,287,2024-01-03,4754,2024-01-03
1891,347,2024-02-15,1027,2024-02-18
1892,397,2024-01-31,1263,2024-01-31
1893,473,2024-02-16,2389,2024-02-26
1894,338,2024-02-03,4387,2024-02-03
1895,412,2024-01-06,3970,2024-01-07
1896,422,2024-02-17,4517,2024-02-17
1897,396,2024-01-20,532,2024-02-04
1898,275,2024-02-04,3940,2024-02-04
1899,332,2024-02-02,4801,2024-02-09
1900,475,2024-01-22,2991,2024-01-27
1901,250,2024-01-19,389,2024-01-19
1902,455,2024-02-29,2590,2024-03-15
1903,472,2024-02-20,2233,2024-03-06
1904,131,2024-02-10,4836,2024-02-17
1905,186,2024-02-06,2490,2024-02-06
1906,477,2024-02-09,2449,2024-02-09
1907,348,2024-01-06,4241,2024-01-06
1908,139,2024-02-24,2164,2024-02-26
1909,167,2024-02-09,2354,2024-02-11
1910,231,2024-01-01,1530,2024-01-01
1911,402,2024-02-17,3758,2024-02-17
1912,289,2024-02-21,2240,2024-02-21
1913,500,2024-02-14,4072,2024-02-15
1914,192,2024-02-21,371,2024-03-02
1915,275,2024-01-06,4978,2024-01-06
1916,178,2024-02-23,3482,2024-03-01
1917,494,2024-01-25,3705,2024-01-26
1918,471,2024-02-10,1827,2024-02-10
1919,395,2024-02-16,545,2024-02-19
1920,428,2024-01-17,530,2024-01-17
1921,185,2024-01-30,4001,2024-02-04
1922,254,2024-01-31,2014,2024-02-10
1923,294,2024-02-13,3987,2024-02-18
1924,234,2024-01-10,3661,2024-01-20
1925,106,2024-01-19,3229,2024-01-26
1926,447,2024-01-21,436,2024-01-31
1927,149,2024-02-28,2998,2024-03-09
1928,321,2024-02-09,2844,2024-02-11
1929,238,2024-01-18,2191,2024-01-18
1930,435,2024-02-07,3877,2024-02-12
1931,495,2024-02-13,4922,2024-02-14
1932,494,2024-01-13,2864,2024-01-23
1933,446,2024-02-14,2666,2024-02-14
1934,380,2024-01-01,656,2024-01-01
1935,106,2024-01-27,4402,2024-01-27
1936,153,2024-02-13,2979,2024-02-20
1937,212,2024-02-16,2163,2024-02-18
1938,198,2024-01-03,853,2024-01-03
1939,129,2024-02-08,1097,2024-02-09
1940,462,2024-01-08,1164,2024-01-08
1941,292,2024-02-12,1613,2024-02-27
1942,156,2024-02-14,2175,2024-02-14
1943,250,2024-01-30,3814,2024-01-30
1944,241,2024-02-19,2749,2024-02-24
1945,231,2024-01-11,2371,2024-01-11
1946,497,2024-01-04,3283,2024-01-09
1947,270,2024-01-04,2268,2024-01-06
1948,191,2024-01-29,4128,2024-01-29
1949,202,2024-02-09,1561,2024-02-14
1950,430,2024-02-01,1278,2024-02-01
1951,376,2024-02-19,1889,2024-02-24
1952,414,2024-02-11,3717,2024-02-11
1953,466,2024-01-17,385,2024-01-17
1954,137,2024-01-05,2152,2024-01-20
1955,497,2024-01-29,4177,2024-01-29
1956,176,2024-02-11,409,2024-02-11
1957,440,2024-01-25,1341,2024-01-27
1958,458,2024-01-22,4807,2024-01-27
1959,101,2024-02-02,4016,2024-02-09
1960,323,2024-01-26,4524,2024-01-26
1961,215,2024-01-01,4049,2024-01-06
1962,162,2024-02-06,3040,2024-02-16
1963,270,2024-02-13,3381,2024-02-15
1964,128,2024-02-10,3092,2024-02-10
1965,373,2024-02-24,759,2024-02-27
1966,335,2024-02-18,1763,2024-02-20
1967,190,2024-02-05,3247,2024-02-05
1968,438,2024-01-13,3295,2024-01-15
1969,154,2024-02-10,4085,2024-02-13
1970,143,2024-02-26,1652,2024-03-04
1971,171,2024-01-03,307,2024-01-04
1972,468,2024-02-07,4107,2024-02-08
1973,299,2024-01-05,2620,2024-01-15
1974,355,2024-02-04,234,2024-02-11
1975,118,2024-01-22,2866,2024-01-22
1976,469,2024-01-03,1068,2024-01-08
1977,208,2024-02-21,3854,2024-03-02
1978,447,2024-02-25,1320,2024-03-06
1979,479,2024-02-07,690,2024-02-08
1980,118,2024-02-17,4105,2024-02-17
1981,434,2024-01-02,475,2024-01-09
1982,224,2024-02-14,217,2024-02-14
1983,188,2024-02-10,2617,2024-02-10
1984,149,2024-01-30,1498,2024-02-14
1985,402,2024-01-05,1035,2024-01-05
1986,354,2024-02-08,1906,2024-02-23
1987,132,2024-02-21,3591,2024-02-22
1988,272,2024-02-21,2756,2024-02-26
1989,161,2024-02-13,4571,2024-02-28
1990,170,2024-01-21,473,2024-01-22
1991,403,2024-01-12,617,2024-01-15
1992,161,2024-01-18,3500,2024-01-18
1993,186,2024-02-14,4633,2024-02-17
1994,184,2024-01-29,4867,2024-01-30
1995,120,2024-01-09,3181,2024-01-09
1996,498,2024-01-11,4089,2024-01-11
1997,141,2024-01-01,1569,2024-01-01
1998,145,2024-02-15,2424,2024-03-01
1999,313,2024-02-14,1139,2024-02-21
2000,205,2024-01-10,4385,2024-01-12
