customer_id,name,email,city,state,country,signup_date
1,Nancy Carr,bryankevin@example.com,Edwardston,Texas,Honduras,2026-01-16
2,Kimberly Robinson,jlittle@example.net,Rodgersstad,Arkansas,Egypt,2026-03-15
3,Jason Marshall,qatkins@example.com,Jessemouth,Nebraska,Malawi,2025-06-09
4,Adam Thompson,charlesgarcia@example.com,Thomasberg,Alabama,Liechtenstein,2025-09-06
5,Eric Coleman,lpeck@example.org,South Steven,Vermont,Cape Verde,2025-12-01
6,Christopher Boyd,spencer17@example.org,Port Hannah,Tennessee,Ecuador,2026-01-20
7,Christopher Hernandez,gonzalezashley@example.org,North Chelsea,Nebraska,Panama,2024-09-15
8,Lance Murphy,adam43@example.net,South Jimmytown,New York,Cambodia,2023-11-20
9,Sharon Morris,acostajodi@example.org,West Brandon,Florida,Central African Republic,2025-08-31
10,Rhonda Jimenez,xmaxwell@example.org,Zacharystad,Utah,Mongolia,2024-03-10
11,Teresa Collins,kevindavis@example.net,Brookschester,Missouri,Greenland,2026-03-10
12,Tonya Brooks,jeffcurtis@example.com,Jenniferside,Michigan,Samoa,2026-01-13
13,Steven James,okeith@example.com,West Stacy,Mississippi,Cuba,2025-08-10
14,Pamela Walters,melissaturner@example.org,Andrewmouth,Illinois,Vanuatu,2023-08-31
15,Rachel Bartlett,davisrussell@example.net,Gonzalesbury,Arkansas,Libyan Arab Jamahiriya,2024-06-20
16,John Washington,allison78@example.com,New Aprilmouth,Mississippi,Liberia,2026-07-07
17,Sandra Combs,bryan52@example.com,Lake Deanbury,South Carolina,Palestinian Territory,2024-06-19
18,Nancy Brown,brian79@example.com,West Judyfurt,South Dakota,Iran,2023-11-20
19,Mary Wilcox,staceyguerrero@example.org,Rubenland,Pennsylvania,Jamaica,2025-06-15
20,Ashley Leon,dianajohnson@example.org,South Destiny,Rhode Island,Austria,2026-05-15
21,Edward Livingston,andrewanderson@example.org,Brownland,Connecticut,Hungary,2025-07-27
22,Vanessa Paul,jasmine27@example.com,Lake Danielleshire,Virginia,Philippines,2024-10-25
23,Richard Brown,sbrown@example.net,Wallside,Maine,Zimbabwe,2026-03-26
24,Brent Delacruz,margaretchen@example.net,South Emilyland,North Carolina,Switzerland,2024-04-24
25,Robert Monroe,vanessabuck@example.org,North Monicaview,Missouri,Nepal,2025-10-17
26,Jonathan Hatfield,jenniferclements@example.net,New Courtneyfort,Indiana,Reunion,2026-06-03
27,William Cruz,jacksonmary@example.com,North Alexander,West Virginia,Ireland,2025-03-20
28,Stephanie Ryan,steven85@example.org,Amyhaven,Ohio,Bangladesh,2026-03-03
29,Natalie Richmond,tonihuang@example.com,North Melissaview,Wisconsin,Guernsey,2024-04-18
30,Dr. Marcus Ellis,reyesmichael@example.org,Port Patrick,Indiana,Korea,2024-12-14
31,Anthony Hawkins,stephanielong@example.com,West Eduardomouth,Minnesota,Myanmar,2024-04-23
32,Kimberly Vaughn,rachel43@example.net,Port Helen,Colorado,Denmark,2026-01-20
33,Frank Martinez,annhenderson@example.com,Wongburgh,North Carolina,Cook Islands,2025-11-16
34,Karina Medina,freemancody@example.org,Williamsbury,Nevada,Belgium,2024-01-06
35,Tracy Hale,matthewscarrie@example.com,Lake Abigail,West Virginia,Sweden,2025-02-05
36,Paul Carpenter,andrew79@example.org,Teresamouth,Hawaii,Liechtenstein,2025-10-07
37,Robin Everett,walvarado@example.net,Nguyenchester,Tennessee,Finland,2026-05-17
38,Gina Smith,hannah18@example.org,Herreramouth,Illinois,Ireland,2023-11-12
39,Heather Moore,kenneth28@example.com,Watkinsbury,Pennsylvania,Angola,2024-05-30
40,Cole Villanueva,antonio48@example.com,Prattberg,Illinois,Botswana,2026-07-27
41,Vincent Anderson,brittany04@example.net,Torresview,Kentucky,Seychelles,2024-05-28
42,Jeffrey Robinson,ukane@example.com,Christinabury,Massachusetts,Jordan,2025-09-14
43,Haley Jackson,anna48@example.org,Whiteton,Texas,Montserrat,2025-01-14
44,Rhonda Miles,teresa00@example.net,Alvarezhaven,Illinois,India,2024-08-20
45,Mark Walker,veronicamoore@example.net,Alisonstad,New York,Turkey,2025-02-14
46,Jacqueline Meyer,wwoodard@example.com,South Melissa,Nebraska,Libyan Arab Jamahiriya,2023-09-16
47,Jennifer Moody,scotttorres@example.net,West Michaelshire,Rhode Island,Lithuania,2023-11-02
48,Oscar Osborn,clarkdeanna@example.net,South Aaronmouth,South Dakota,Guam,2024-02-11
49,Laura Wolfe,sandra29@example.net,North Brittanyfurt,New Mexico,North Macedonia,2025-10-11
50,Ashley Edwards,tylerhunt@example.org,South Jessicahaven,California,Mozambique,2025-09-12
51,Kimberly Wilson,austin45@example.com,Port Jerryton,South Carolina,Portugal,2025-12-02
52,Jonathan Roth,maria04@example.com,North Melissaburgh,Connecticut,Montserrat,2023-11-21
53,Travis Mata,crawfordadam@example.net,Port Matthewshire,Rhode Island,Nigeria,2023-11-25
54,Catherine Fitzgerald,kimberly67@example.com,Elizabethtown,Delaware,Turkey,2025-10-04
55,Jared Valencia,kimberly36@example.org,South Nancy,New Hampshire,Burkina Faso,2025-12-31
56,Gavin Harmon,glutz@example.com,Lisabury,Kansas,Christmas Island,2025-10-18
57,William Scott,penaanthony@example.org,Warrenmouth,West Virginia,Sweden,2026-07-12
58,Sarah Owens,samuel89@example.net,Lynchborough,Oregon,Monaco,2025-10-15
59,Brandy Fleming,coltonjones@example.com,South Shannonland,Nebraska,Portugal,2026-06-14
60,Michael Moss,lklein@example.org,New Heatherfort,Alaska,Greenland,2025-09-06
61,Victor Leonard,melissashaw@example.com,Joyshire,New Jersey,Suriname,2024-07-02
62,Tina Taylor,cbrown@example.com,East Mark,Michigan,Aruba,2026-04-03
63,Frank Collins,bryantmichael@example.com,Michaelshire,Idaho,Denmark,2024-01-13
64,John Ferguson,gary45@example.com,North Laurahaven,Massachusetts,Tonga,2024-05-24
65,Patricia Franklin,traciburns@example.net,Mitchellhaven,Massachusetts,Haiti,2025-06-07
66,Erin Morales,hannahclark@example.com,Lake Kimberlyberg,Arkansas,Bulgaria,2026-01-05
67,Amy Salazar,riveracourtney@example.com,Smithmouth,Vermont,North Macedonia,2024-07-15
68,Carla Burns,aguilarmatthew@example.net,Blankenshipside,Pennsylvania,Tuvalu,2024-06-12
69,Cheryl Proctor,boydjames@example.net,East Catherinebury,Florida,United States of America,2026-02-26
70,Ana Henry,kelseywilson@example.com,South Kaitlyn,Oklahoma,Colombia,2026-04-08
71,Rebecca Barton,yli@example.com,Monicaport,Michigan,Korea,2025-05-11
72,David Woods,amypittman@example.org,North Susan,Pennsylvania,Guadeloupe,2025-08-13
73,Gilbert Keith,yreynolds@example.org,Lake Gail,Iowa,New Caledonia,2024-02-17
74,Victoria Pierce,hardingmarissa@example.com,Ericfort,Arkansas,Bulgaria,2025-09-30
75,Jenna Parsons,william97@example.net,Novakbury,Wyoming,Chad,2026-07-10
76,Timothy Tapia,amandawilliams@example.org,Garciashire,South Carolina,Afghanistan,2023-12-19
77,Gabrielle Harris,matthewedwards@example.org,Justinhaven,Kansas,Latvia,2026-07-10
78,William Johnson,foxbrittany@example.com,Lake Lindaburgh,Utah,Italy,2025-03-13
79,Jennifer Long,kevinyork@example.com,Henryport,Wyoming,Argentina,2025-10-27
80,Rebecca Brown,sarah92@example.com,Fischerberg,Virginia,Liechtenstein,2024-06-09
81,Samuel Lopez,miranda61@example.com,Allenview,Missouri,Serbia,2026-06-08
82,Raymond Garcia,kevinmills@example.net,East Russell,Vermont,Germany,2024-03-04
83,Michael Smith,jasonsanders@example.com,New Rachel,Illinois,Peru,2026-05-08
84,Brandy Dorsey,scrosby@example.com,South David,Texas,Guam,2025-07-01
85,Christopher Nelson,linda35@example.com,Davidmouth,West Virginia,Belgium,2024-02-18
86,Richard French,alexandermartinez@example.net,Connerview,Vermont,Peru,2025-01-02
87,Carl Lewis,dvelazquez@example.com,Lake Nicolechester,Utah,Monaco,2026-04-01
88,Amber Carter,davidmendoza@example.net,South Nathaniel,Washington,Saint Martin,2024-06-02
89,Seth Cruz,penajoshua@example.net,Audreybury,Massachusetts,Reunion,2024-05-07
90,Nathaniel Carter,vtran@example.net,Davidfurt,Utah,Brazil,2024-09-03
91,Ian Thompson,maria80@example.com,Abigailtown,Alaska,Maldives,2026-01-17
92,Patricia Taylor,blairmichael@example.org,West Stephen,Kentucky,Malaysia,2024-02-04
93,Sarah Craig,dennis70@example.net,New James,Montana,Malawi,2023-12-16
94,Hannah Hawkins,jeffrey29@example.net,Taylorside,Michigan,Vanuatu,2026-01-15
95,Timothy Juarez,robertsoncaroline@example.net,North Carol,Illinois,Bosnia and Herzegovina,2024-11-02
96,Charles Ho,joseph01@example.com,South Benjaminton,Minnesota,Belize,2023-09-25
97,Andrew Parker,woodlori@example.net,Jacksonmouth,Maine,Isle of Man,2024-02-23
98,Carrie Williams,ryan55@example.com,Dayfort,Missouri,Afghanistan,2025-01-08
99,Tommy Richardson,hshepherd@example.net,Ericmouth,Hawaii,Liechtenstein,2024-08-16
100,Janice Chan,sdavis@example.org,Catherineberg,South Dakota,Romania,2026-01-28
101,Renee Ruiz,ericamiller@example.org,Larsonside,Oregon,Honduras,2025-04-28
102,Joshua Sherman,fmyers@example.org,Lake Michael,Kansas,Saint Pierre and Miquelon,2026-03-27
103,Katherine Hood,jacksonmichael@example.org,Parsonschester,Maine,Algeria,2023-10-15
104,Valerie Hughes,vanessaedwards@example.net,Port Nicoleside,Delaware,Singapore,2023-09-07
105,Gloria Lopez,fpierce@example.com,Caldwellville,Connecticut,Saint Lucia,2025-10-27
106,Teresa Brown,owagner@example.net,Angelaton,Oklahoma,Antigua and Barbuda,2023-11-22
107,Samantha Taylor,torresmelinda@example.com,Keithside,Arkansas,Pakistan,2023-12-08
108,Abigail Adams,jacobvargas@example.org,Dennisbury,Iowa,San Marino,2025-10-29
109,Cheryl Bush,rodriguezteresa@example.net,Valdezport,Tennessee,France,2023-08-22
110,Mrs. Angie Turner,johnschaefer@example.org,Sharontown,New Mexico,Netherlands,2025-03-09
111,Debra Gray,mhancock@example.org,Lake Melissaview,New Jersey,Vanuatu,2026-07-25
112,Dr. Andrew Murray,robertayers@example.com,New Dylan,Connecticut,Norway,2026-04-25
113,Joseph Hall,doughertyallison@example.org,Kimberlyville,New Jersey,Kiribati,2023-12-07
114,Sydney Flores,erik14@example.org,Jacksonberg,Maryland,Kenya,2023-12-17
115,Michelle Kramer,gary63@example.net,Juliefurt,Louisiana,Cyprus,2024-12-09
116,Anna Armstrong,nunezscott@example.org,New Emily,Washington,Niger,2024-01-07
117,Michael Henry,barryjohnston@example.net,North Marktown,Alabama,Saint Lucia,2025-11-11
118,Jennifer Kim,tashajackson@example.com,Johnsonfort,Idaho,Tuvalu,2025-10-10
119,David Curtis,autumnjohnson@example.com,Lake David,Hawaii,Suriname,2026-03-02
120,Peter Hines,sarah08@example.net,North Jennifer,Michigan,Fiji,2023-12-15
121,Ryan Watkins,colleenhughes@example.net,Allenmouth,Maine,San Marino,2026-02-22
122,Brenda Smith,cochranlatoya@example.org,East Angelaside,Rhode Island,Albania,2026-02-09
123,Kelly Rowe,carmen91@example.net,Port Corey,Texas,Puerto Rico,2025-02-21
124,Courtney Gordon,holly85@example.net,South Margaretfurt,Virginia,South Africa,2026-01-09
125,Melinda Parker,rhonda26@example.org,New Robertside,West Virginia,Algeria,2026-02-11
126,Casey Murphy,jerry99@example.net,Vickieborough,Texas,Cocos (Keeling) Islands,2026-06-19
127,Jason Murray,sean95@example.org,South Douglasfort,South Dakota,Tanzania,2025-03-15
128,Shawn Walker,millernathaniel@example.net,New Angelatown,New Jersey,Bouvet Island (Bouvetoya),2025-06-28
129,David Johnson,vhiggins@example.com,South Anthonyhaven,Iowa,China,2025-05-01
130,Robert Barrera,heidi78@example.net,North George,South Dakota,Gambia,2025-10-02
131,Kyle Walters,colleenbrown@example.com,Escobarhaven,South Dakota,Tuvalu,2025-08-19
132,Mrs. Kimberly King,mcclainaaron@example.org,Michelleburgh,Nevada,Belize,2025-09-13
133,Rachel Boyer,michaelkirby@example.org,New Peter,Connecticut,Eritrea,2024-07-07
134,Robert Yates,eric38@example.org,East Jeremy,Ohio,Seychelles,2026-05-10
135,Dr. Elizabeth Herring,hilljames@example.net,Sarahfurt,Minnesota,Guadeloupe,2026-07-10
136,Kayla Atkins,karenayala@example.org,Lake Caitlyn,South Dakota,Gabon,2026-07-24
137,Daniel Green,drobinson@example.org,New Susanchester,Arkansas,Iceland,2026-03-06
138,Belinda Shelton,kimberlyross@example.net,North Emilyton,South Dakota,Martinique,2025-11-21
139,Carl Thompson,dsmith@example.net,Lake Andrew,Indiana,Brazil,2025-06-15
140,Dustin Owens,marie60@example.org,North Isabel,Arizona,Gambia,2025-12-11
141,Crystal Howell,morrismichael@example.com,Staceyview,Virginia,Oman,2026-04-03
142,Bill Nguyen,ryanmike@example.org,Johnsonstad,Connecticut,Brazil,2025-06-22
143,Douglas Stewart,iflores@example.net,Port Danielhaven,Minnesota,Gabon,2025-12-10
144,Brittany Fleming,melissahoward@example.org,South Davidfurt,Alabama,Marshall Islands,2026-03-12
145,Lauren Evans,edwardmorales@example.net,Lake Jamesmouth,Montana,Andorra,2025-02-02
146,Kevin Morris,matthew73@example.org,Josephstad,North Dakota,North Macedonia,2026-01-18
147,Brandon Robbins,horuth@example.com,Jamesview,South Dakota,Gabon,2025-03-04
148,Misty Pruitt,rebeccagaines@example.org,Lake Eric,Kansas,Malawi,2024-09-27
149,Dr. Laura Edwards MD,jlittle@example.org,North Tiffanystad,Georgia,Bulgaria,2024-05-01
150,Adam Butler,wattsadrian@example.com,Port Hannah,Hawaii,Czech Republic,2024-03-07
151,Mia Rios,laurie01@example.net,New Johnside,Michigan,Papua New Guinea,2026-02-24
152,Nancy Davis,dylan48@example.com,South Mikemouth,Illinois,Uruguay,2025-04-11
153,Debra Jackson,nicolehernandez@example.net,Carrtown,Louisiana,Jamaica,2025-12-08
154,Diane Morrison,tashale@example.com,Morrisville,South Dakota,Haiti,2024-07-27
155,Robert Russell,smcpherson@example.net,Sarastad,Iowa,Maldives,2025-06-01
156,David Blanchard,brownjustin@example.net,Jonesstad,New Mexico,Guinea,2026-07-31
157,Sara Jones,kristina66@example.org,Jenniferfort,Wyoming,South Georgia and the South Sandwich Islands,2025-07-12
158,Mark Todd,dakota53@example.net,Nicholastown,Rhode Island,Iran,2025-03-09
159,Kimberly Mayer,kstanton@example.org,Hurleystad,South Carolina,British Indian Ocean Territory (Chagos Archipelago),2026-06-30
160,Aaron Wallace,gking@example.net,New Kathrynton,Texas,Angola,2024-03-05
161,Mark Knight,jenniferburch@example.org,Lake Josephport,Wyoming,Cape Verde,2024-10-19
162,Christopher Owens,benjaminanderson@example.com,North Jordanmouth,West Virginia,Fiji,2024-01-29
163,Anthony Mann,jessica86@example.com,Whitefurt,Arizona,United States Virgin Islands,2024-01-04
164,Juan Stevens,aaguilar@example.net,Stacyland,Vermont,Saint Kitts and Nevis,2024-04-06
165,Jennifer Vasquez,gonzalezemily@example.net,East Brianfort,Michigan,Taiwan,2024-06-08
166,Michelle Cooper,egallagher@example.org,East Karen,North Carolina,Tonga,2026-07-15
167,Jennifer Vasquez,zhogan@example.org,North Patrick,Tennessee,Nigeria,2025-03-11
168,Jesse Robertson,smithkimberly@example.com,Hudsonmouth,Maine,Trinidad and Tobago,2023-10-19
169,Adam Campbell,abbottjeffrey@example.org,West Jessica,Connecticut,Russian Federation,2025-09-20
170,Marc Calderon,shelbyhayes@example.com,New Veronicabury,Delaware,Argentina,2023-10-20
171,Randy Ford,pjacobs@example.net,Lake Steven,Connecticut,Tunisia,2025-04-01
172,Mark Brown,david32@example.net,Cortezstad,Wisconsin,American Samoa,2026-04-04
173,Miranda Mccormick,schultzfrances@example.org,East John,Utah,Egypt,2025-07-01
174,Joseph Simmons Jr.,vgeorge@example.org,Port Maryview,Kentucky,Guatemala,2025-05-29
175,Carla Smith,angela93@example.net,Taylorfort,Montana,Pakistan,2024-07-29
176,Amy Adams,nguyendouglas@example.org,Leebury,Alaska,Martinique,2025-08-24
177,Latasha Mitchell,sclark@example.org,New Christianfurt,Delaware,Moldova,2025-08-25
178,Kayla Gay,idean@example.org,Lake Margaret,Virginia,Azerbaijan,2024-09-08
179,Benjamin Dawson,nicholasmooney@example.com,Lake Laura,Montana,Italy,2024-04-20
180,Mr. Jesse Griffin,tnelson@example.org,Elizabethfurt,Georgia,Saint Pierre and Miquelon,2025-01-26
181,Brett Wolf,rebecca07@example.com,North Charles,Pennsylvania,Mongolia,2026-01-21
182,Jay Brooks,edwardcarter@example.net,North Rickyfurt,Pennsylvania,Qatar,2024-04-21
183,Austin Bradford,sara58@example.org,Caseyfurt,Idaho,Monaco,2024-10-09
184,Justin Beck,justin78@example.org,Adamborough,North Dakota,Slovakia (Slovak Republic),2025-01-08
185,Adrian Jordan,vblackburn@example.com,North Gregory,Ohio,India,2023-11-05
186,Cynthia Hernandez,marcus54@example.net,Marquezberg,Louisiana,Jersey,2024-06-16
187,Patrick Poole,chavezdavid@example.net,South Luke,Minnesota,Mali,2026-04-05
188,Joshua Fischer,webstercrystal@example.com,Mccoyland,Pennsylvania,Faroe Islands,2026-05-07
189,Zachary Ruiz,jacquelinemartin@example.com,East Kathyton,New York,Turks and Caicos Islands,2024-03-11
190,Gerald Skinner,bowmanchristopher@example.org,East Jefferyside,Alaska,Canada,2025-08-18
191,Christine Williams,kurtfarmer@example.net,Robbinsland,Maine,South Georgia and the South Sandwich Islands,2023-10-16
192,Stephanie Hunt,hansondillon@example.com,Sarahbury,Tennessee,Cote d'Ivoire,2025-08-04
193,Robert Gates,rodriguezjose@example.com,Nathanchester,Utah,Greenland,2024-10-09
194,Maria Flores,laurarichardson@example.net,New Elizabeth,Tennessee,Greece,2025-05-29
195,Andrew Ramsey,garciadaniel@example.com,West Timothy,Massachusetts,Ghana,2025-04-22
196,Samantha Stephenson,guerreroshawn@example.net,Johnsonbury,New York,Palestinian Territory,2025-09-21
197,William Mitchell,elizabethbrady@example.org,West Heidiburgh,Nebraska,Tunisia,2025-09-19
198,Sarah Rios,scottconner@example.org,Lake Angela,Alaska,Falkland Islands (Malvinas),2024-11-10
199,Melissa Andrews,mccalllinda@example.net,Brittanytown,New Jersey,Senegal,2024-07-04
200,Chelsey Wolfe,mwalters@example.com,Nicholsmouth,Tennessee,Argentina,2026-05-05
201,John Harper,ashleyspence@example.com,Danielshire,Alabama,American Samoa,2025-09-14
202,Ryan Green,brittanyschmitt@example.com,North Jonathanfurt,Wisconsin,Suriname,2023-09-30
203,Jennifer Douglas,lwalker@example.org,West Veronica,Alabama,Bermuda,2024-05-17
204,Heather Perry,sandrasmith@example.org,Berryshire,New York,Andorra,2024-04-17
205,Benjamin Schultz,wadedana@example.org,Smithview,Louisiana,Afghanistan,2025-05-04
206,Derrick Harris,nelsoneric@example.org,Monicastad,Delaware,Serbia,2024-07-15
207,Christine Carrillo,thomasmartinez@example.org,Byrdstad,Washington,Moldova,2024-10-19
208,Terry Guerra,vdiaz@example.net,New Monicaview,Nebraska,Georgia,2024-06-24
209,Cynthia Pearson,stewartchristopher@example.org,North Paul,Kentucky,Ethiopia,2023-11-16
210,Christopher Mason,oknight@example.com,New Robert,Oregon,Mauritania,2023-12-08
211,Michelle Jones,hobbsscott@example.com,South Lauren,New Mexico,Niger,2026-02-06
212,Carol Evans,oruiz@example.org,Samanthaburgh,Iowa,Jersey,2026-01-27
213,Mrs. Megan Salazar,gregoryallen@example.com,East Crystal,Maryland,Angola,2025-06-17
214,Allison Jones,kellyjeremy@example.net,Jeremytown,Virginia,Ireland,2025-12-28
215,Robert Hansen,ilopez@example.com,East Autumn,Illinois,Venezuela,2023-11-18
216,Danielle Holmes,djohnson@example.org,South Laurenport,Connecticut,Azerbaijan,2026-03-10
217,Christina Murphy,markstammy@example.com,Lake Christineshire,Wyoming,Aruba,2023-11-17
218,Carol Chambers,jennifer94@example.net,West Angelastad,South Carolina,Antarctica (the territory South of 60 deg S),2025-10-08
219,Katherine Williams,matthewlong@example.net,New Benjaminfurt,New Mexico,Ukraine,2025-06-03
220,Deanna Allen,marc40@example.org,Williamsfurt,Maine,Israel,2024-02-16
221,Madeline Mills DDS,ealvarez@example.com,West Rebecca,Pennsylvania,Equatorial Guinea,2026-07-25
222,Matthew Hood,fwilson@example.com,Jasonberg,Nevada,Slovenia,2026-03-08
223,Jason Mills,watsonkatelyn@example.net,Anthonyton,Maryland,South Georgia and the South Sandwich Islands,2023-09-06
224,Ryan Aguirre,morganmarcus@example.net,Hannaside,South Dakota,Paraguay,2025-09-14
225,Juan Kane,samuelritter@example.net,Annashire,Idaho,Timor-Leste,2026-07-02
226,Miss Tina Holden,michaeljohnson@example.com,New Thomasbury,West Virginia,Anguilla,2024-05-24
227,Eric Young,berrytina@example.net,North Katieburgh,Vermont,Maldives,2025-10-10
228,Keith Parks,browntodd@example.net,South Davidburgh,New Mexico,United States of America,2024-09-27
229,Gregory Howard,johnconner@example.org,Marialand,Florida,Palau,2025-07-09
230,Amanda Benson,jacksonjulia@example.org,Robinsonchester,New Jersey,Madagascar,2024-06-16
231,Ann Hall,kellyjones@example.net,Port Sandra,New Hampshire,Antarctica (the territory South of 60 deg S),2025-08-24
232,William Daugherty,garciawilliam@example.org,West Lisabury,North Dakota,Afghanistan,2025-05-05
233,John Lang,tracymoore@example.org,Williamside,New Jersey,Belarus,2024-12-26
234,Cynthia Murphy,masonmelissa@example.net,Port Adriana,Maine,Costa Rica,2025-02-02
235,Zachary Mcintosh,mark81@example.com,Riceport,Alabama,North Macedonia,2025-03-04
236,William Thomas,zkelly@example.org,West Mirandamouth,New Mexico,Russian Federation,2025-07-16
237,Rebecca Reed,williamgonzalez@example.com,Dominguezside,Vermont,Oman,2023-11-12
238,Mr. Brian Moore,joshuatucker@example.org,Blankenshipberg,Michigan,Ethiopia,2026-05-11
239,Gary English,ashley41@example.com,North Stephanieberg,New Hampshire,Austria,2024-07-04
240,Sabrina Richards,pattersonjames@example.com,Lake Jenniferfurt,Oregon,Palestinian Territory,2025-07-23
241,Sarah Fox,david67@example.com,Montgomeryburgh,New Jersey,Papua New Guinea,2026-03-23
242,Joshua Ochoa,vaughnconnor@example.net,East Chad,New York,Jordan,2024-06-23
243,Tony Pierce,cynthiacook@example.com,Moodybury,Nevada,Japan,2026-05-21
244,Robert Moon,josephsmith@example.com,Robertton,Indiana,Colombia,2024-01-17
245,Thomas Roach,jennifer54@example.com,Kimberlyberg,Pennsylvania,North Macedonia,2024-10-26
246,Roberta Pierce,diane56@example.com,West Stephen,Delaware,Monaco,2026-06-23
247,Cheryl Garza,freyjamie@example.net,Melaniehaven,Alaska,Venezuela,2025-06-08
248,Jason Crawford,kellyheidi@example.com,Charleston,Nebraska,Japan,2023-09-22
249,Crystal Morrison,reevespatricia@example.com,Port John,Maine,Korea,2025-06-29
250,Lawrence Gonzales,kfigueroa@example.net,Danielton,Iowa,American Samoa,2025-02-09
251,Ronald Macdonald,teresa21@example.net,South Frankstad,South Dakota,Brunei Darussalam,2024-05-09
252,Rebecca Herrera,aliceward@example.com,South Jonathanmouth,Maine,Latvia,2026-03-12
253,Isabel York,wwatson@example.com,Thomasside,Iowa,Faroe Islands,2023-08-27
254,Ashley Meyer,ymartin@example.com,East Brianton,Tennessee,Iran,2024-08-17
255,Craig Brown,randy00@example.net,Lake Seanchester,Ohio,Korea,2024-06-05
256,David Vargas,jacobsonmatthew@example.com,West Robertfort,Florida,Netherlands Antilles,2024-03-15
257,Casey Livingston,ocobb@example.org,Odomton,Rhode Island,Algeria,2023-12-28
258,Sierra Parker,patricksmith@example.net,Connermouth,Washington,Peru,2024-09-18
259,Jeffrey Fernandez,vwalters@example.com,Coffeyland,Washington,Pakistan,2024-05-23
260,Jennifer Wilkinson,christopherrodriguez@example.org,Higginsburgh,Kansas,Swaziland,2024-12-04
261,Madison Adams,zlewis@example.com,Danielsmouth,Ohio,Yemen,2024-05-04
262,Zachary Weiss,montgomerylindsay@example.org,South Garyshire,West Virginia,Cote d'Ivoire,2023-12-16
263,Daniel Hunter,donna21@example.org,New Mirandaland,Alabama,Tuvalu,2024-03-05
264,Brandi Wilkins,davidcox@example.net,Randallburgh,Kansas,Slovakia (Slovak Republic),2026-02-26
265,Marcus Richardson,griffineric@example.org,Johnfort,Rhode Island,Guadeloupe,2023-09-22
266,Deanna Odonnell,jenny84@example.org,Williambury,Nevada,Eritrea,2025-10-09
267,Jodi Rodriguez,alexander68@example.com,Smithmouth,Oklahoma,Falkland Islands (Malvinas),2024-06-03
268,Gail Martin,lisa50@example.com,South Jamesport,Rhode Island,France,2024-04-30
269,Anita Alexander,browndavid@example.net,Muellerchester,Indiana,Nauru,2023-11-29
270,Ashley Oneill,ulee@example.com,Brownport,North Carolina,Guinea,2025-03-13
271,Carla Pitts,reillyryan@example.org,Lake Jonathan,Hawaii,Brazil,2024-06-04
272,Adam Walker,amy99@example.net,Melanieborough,Pennsylvania,Azerbaijan,2025-12-29
273,Daniel Frye,bryanjones@example.net,Charlesville,Kansas,Israel,2024-09-01
274,Albert Parker,matthewclarke@example.com,East Heidistad,West Virginia,Macao,2025-04-07
275,Ashley Daniels,michaelguzman@example.net,New Angelberg,Iowa,Saudi Arabia,2025-07-28
276,Troy Blair,wmalone@example.com,East Curtis,Florida,Sweden,2023-11-06
277,Melinda Jimenez,omontgomery@example.org,Riveraview,Tennessee,Mongolia,2023-09-08
278,Robert Rhodes,jessica99@example.com,South Joshua,Oregon,Dominican Republic,2025-03-04
279,Tracey Lopez,justincross@example.org,North Rachelmouth,West Virginia,Honduras,2024-03-23
280,James Bell,anabrown@example.net,Jasonberg,Oklahoma,United States Minor Outlying Islands,2025-06-22
281,Caroline Goodman,amber53@example.net,East Jenniferside,Delaware,India,2026-07-07
282,Elizabeth Sanchez,wjames@example.net,Mooreland,Massachusetts,United Kingdom,2024-04-17
283,Chloe Henderson,msummers@example.com,South Danielside,Minnesota,Papua New Guinea,2025-04-10
284,Heather Reilly,tgriffith@example.com,Newmanfurt,Oklahoma,Equatorial Guinea,2024-07-29
285,Virginia Ochoa,jonesthomas@example.com,Webbhaven,New Jersey,Norfolk Island,2025-09-03
286,Jacqueline Thompson,elizabethrobinson@example.net,South Kevin,Iowa,Mayotte,2024-01-30
287,Mrs. Sara Cherry MD,tayloravila@example.net,Ellisside,Montana,Guinea,2024-08-18
288,Carolyn Martin,mwebster@example.org,East Cassandra,Missouri,Malawi,2025-07-24
289,April Roman,josephkelly@example.org,Alexton,Iowa,Guinea-Bissau,2024-06-25
290,Craig Riley,webbjessica@example.com,Lindseyland,Wyoming,Netherlands,2025-02-20
291,Ryan Sutton,wmoran@example.net,West Diana,Missouri,Montenegro,2024-10-08
292,Kristen Michael,torreskristen@example.net,Port Krystal,Kentucky,Saint Kitts and Nevis,2025-11-08
293,Timothy Allen,rojasnathan@example.com,New John,Texas,Austria,2025-10-30
294,Eileen Guzman,ellisjeffrey@example.com,Jillton,New Hampshire,Bulgaria,2026-03-06
295,William Barrera,lauraward@example.net,New Christophermouth,Virginia,Greece,2025-04-13
296,Angela Mcintyre,reedmichael@example.org,West Christopher,Michigan,Martinique,2024-01-30
297,Kathryn Sanchez,jenniferwilliams@example.com,Millertown,Wisconsin,Costa Rica,2024-09-24
298,Erika Farmer,nathanconner@example.net,Michelleside,New Mexico,Djibouti,2026-06-06
299,Patricia Norris,darren30@example.org,South Joseph,Rhode Island,Swaziland,2023-12-31
300,Justin Gibson,michellehall@example.com,East Brandi,Colorado,Japan,2025-10-18
301,Sydney Hall,joseph19@example.net,Benjaminton,Maryland,Philippines,2025-11-22
302,Nathan Torres,josephpatrick@example.org,Kramerfurt,Illinois,Liberia,2024-05-05
303,Jay Rivera,keithhoffman@example.net,Lake Crystal,South Dakota,Niger,2025-09-10
304,Charles Cole,schmidtjennifer@example.com,East Timothyton,Tennessee,Yemen,2024-06-12
305,William Gibson,brittanybarker@example.com,Jimenezburgh,Ohio,Netherlands,2025-05-23
306,Elizabeth Greer,johnlopez@example.org,West Amyville,Indiana,Zimbabwe,2025-10-16
307,George Little,alexis44@example.org,Wellsshire,Louisiana,Cayman Islands,2024-07-03
308,Denise Rodriguez,wstanley@example.net,North Lindsayport,Indiana,Germany,2025-03-14
309,Austin Conrad,riversheather@example.net,Danielleton,Washington,Malawi,2024-05-13
310,Dawn Carpenter,ucoleman@example.net,Harrellchester,Illinois,Nicaragua,2025-04-05
311,Carolyn Hall,benjamin97@example.org,New Dennistown,Louisiana,Georgia,2024-07-09
312,Jonathan Barrett,scottboyd@example.net,Erinberg,Connecticut,Cayman Islands,2025-07-31
313,Kelly Herrera,mariakelly@example.com,Leonbury,Louisiana,Mauritania,2023-12-23
314,Michael Davis,jason46@example.org,North Michael,Wyoming,Saint Lucia,2023-11-23
315,Mike Vega,laurascott@example.net,Kristinamouth,Texas,Somalia,2024-11-15
316,Connie Hammond,cameronwu@example.org,Josephmouth,Florida,Tokelau,2025-02-02
317,Eric Carter,victoriapierce@example.net,Port Corychester,Nebraska,Slovakia (Slovak Republic),2023-09-29
318,Matthew Edwards,brittany32@example.net,Taylorstad,Massachusetts,Turkey,2025-03-17
319,Harold Mclaughlin,elizabeth57@example.org,New Gary,Connecticut,Pakistan,2023-12-21
320,Linda Shepard,barnesernest@example.net,New Kathryn,Virginia,Costa Rica,2025-06-26
321,Annette Small,wclark@example.org,New Maria,Minnesota,Uruguay,2025-12-26
322,Amy Colon,heather80@example.com,East Michael,Connecticut,Sweden,2026-06-28
323,Cheryl Alvarez,lewisbrent@example.net,West Sarahstad,Wisconsin,Jamaica,2025-06-18
324,Danielle Hoover,megan77@example.com,Randolphchester,Oklahoma,Gambia,2024-03-26
325,Tiffany Dudley,christopher31@example.com,New Barbaraview,Wisconsin,Sao Tome and Principe,2024-12-27
326,Andrea Kennedy,qcole@example.org,Dayfort,Louisiana,Korea,2025-12-25
327,Evan Contreras,courtney95@example.net,Jonbury,California,Christmas Island,2025-02-28
328,Edwin Koch,burnsjoseph@example.com,Brandyfurt,Iowa,Guyana,2025-10-14
329,Tanya Anderson,qmay@example.net,East Danielstad,Nevada,Italy,2024-04-15
330,Nicholas Hart,larrytodd@example.org,West Thomas,South Dakota,Anguilla,2025-02-19
331,Carrie Bailey,kcarroll@example.org,New Sheilaside,New Mexico,Macao,2024-10-21
332,Scott Garner,gregory56@example.org,New John,Maine,Saint Helena,2023-10-18
333,Jacob Johnson,katrina66@example.org,Hayleychester,Missouri,Madagascar,2025-10-20
334,Benjamin Harris,imoses@example.org,West Tracy,Utah,Papua New Guinea,2025-08-24
335,Casey Black DVM,anthonymartin@example.org,New Albert,Louisiana,United States of America,2024-09-19
336,Francisco James,dustin95@example.net,Alyssabury,New Hampshire,Cote d'Ivoire,2024-12-06
337,Amanda Brandt,millerandrea@example.com,Deckerfurt,South Carolina,Bermuda,2025-12-25
338,Gary Huerta,samantha24@example.com,Woodfurt,Connecticut,Russian Federation,2024-11-22
339,Drew Joseph,claymargaret@example.com,East Johnberg,Hawaii,Hong Kong,2026-06-02
340,Jennifer Rodriguez,mitchellkimberly@example.net,North Robin,Florida,French Polynesia,2025-01-18
341,Gwendolyn Roberts,marissa20@example.com,Julietown,Iowa,Bangladesh,2026-07-12
342,Manuel Johnson,arellanosarah@example.com,North Travisstad,Oklahoma,Algeria,2025-04-15
343,Kevin Anderson,mevans@example.org,East Michael,Nebraska,Azerbaijan,2026-04-16
344,Joseph Rodriguez,qgoodwin@example.net,West Summer,Pennsylvania,Bolivia,2025-02-14
345,Andrew Knight,davidsmith@example.net,North Alexandra,Minnesota,Lebanon,2024-06-06
346,Shane Miller,igood@example.net,New Morganland,South Carolina,Solomon Islands,2025-11-30
347,Scott Ponce,catherinedalton@example.org,Codyton,Texas,Nicaragua,2023-10-19
348,James Weber,james54@example.net,North Cynthiaton,Michigan,Malaysia,2024-08-28
349,Jonathan Mora,jennifer22@example.net,West Kathrynborough,North Carolina,Qatar,2024-10-06
350,Todd Cunningham,stephanie86@example.com,West Christina,Illinois,Haiti,2024-07-06
351,Shannon Chapman,kwatson@example.com,Rayhaven,West Virginia,Brunei Darussalam,2025-12-03
352,Carolyn Chambers,abigail29@example.org,West Sean,Washington,Mauritius,2024-10-19
353,Karina Burke,harrisonsamantha@example.net,East Andrea,Nevada,Sierra Leone,2025-07-13
354,Grant White,tamara12@example.com,Nancyhaven,California,Saint Kitts and Nevis,2025-08-10
355,Shawn Smith,charles88@example.net,Kevinshire,Texas,Northern Mariana Islands,2024-03-22
356,Benjamin Mooney,xsmith@example.com,East Douglashaven,Missouri,Uruguay,2024-04-17
357,Melissa Norris,angelastephens@example.org,Kristinstad,California,Papua New Guinea,2025-02-17
358,Derek Chapman,huberdavid@example.org,Garciashire,Rhode Island,Czech Republic,2026-07-11
359,Tracy Gibson,gonzalezkimberly@example.org,Mcintyreshire,Massachusetts,Turkey,2025-11-25
360,Rodney Douglas,tammy50@example.net,Lake Charles,Kentucky,Northern Mariana Islands,2024-07-04
361,Mr. Richard Rodriguez MD,christinahanna@example.net,Oliviaside,Vermont,New Caledonia,2024-08-13
362,Jason Lewis,tjones@example.org,Gregoryville,Oregon,Serbia,2024-07-22
363,Helen Smith,michael66@example.org,Darleneside,Arizona,Serbia,2024-12-03
364,Susan Hall,millerkathy@example.com,Lake Ericberg,Washington,Falkland Islands (Malvinas),2026-04-07
365,Isaac Soto,davismelanie@example.net,Mcclurefort,Virginia,Belgium,2023-08-25
366,Randy Adkins,woodsemily@example.com,Lynnport,Connecticut,Niger,2025-10-30
367,Grace Hudson,josebrady@example.com,Josephfurt,Washington,Dominica,2024-09-18
368,Stephanie Olsen,miguelford@example.com,West Joanna,South Carolina,Jordan,2024-10-10
369,Robert Pratt,kara42@example.org,Lake Amandamouth,Kentucky,Iran,2024-08-19
370,Marc Hill,josephsmith@example.net,West Brandiside,Tennessee,Greece,2024-01-16
371,James Santiago,hgarrett@example.com,Deanfort,Washington,Wallis and Futuna,2026-06-15
372,Joseph Martinez,jacob39@example.org,Port Ronaldburgh,New Mexico,Gambia,2024-09-12
373,Samantha Gomez,dchandler@example.net,New Shannonmouth,Illinois,Turks and Caicos Islands,2025-09-25
374,Mrs. Melissa Mckinney,woodpamela@example.net,Jacksonville,Washington,Denmark,2023-08-02
375,Breanna Blackwell,philipduffy@example.net,East Amber,Texas,Grenada,2026-02-10
376,Eric Smith,eperry@example.com,Bryanport,Mississippi,New Zealand,2026-05-31
377,Madison Jacobs,randalljoshua@example.net,West Eugeneton,South Dakota,Malawi,2025-02-05
378,Donald Williams,troywilliams@example.net,Sarahside,Indiana,Montenegro,2024-12-08
379,Sarah White,steven38@example.com,North William,Iowa,Tajikistan,2026-06-02
380,Taylor Roberts,sarahmorales@example.net,Lake Melissahaven,North Carolina,Monaco,2024-07-12
381,Terry Barnes,taylor56@example.com,Julieshire,Connecticut,Denmark,2025-03-07
382,Ryan Allen,kennethcastillo@example.org,New Randalltown,North Dakota,Saint Barthelemy,2023-09-03
383,Sandra Harrell,robert46@example.org,West Jessica,Arizona,Mauritania,2025-03-30
384,Justin Thomas,scottwelch@example.net,Kellymouth,New Mexico,Mozambique,2025-11-01
385,Melissa Barber,kimberlyphillips@example.net,East Jennifer,Oklahoma,Eritrea,2023-12-27
386,Charles Turner,dannyvaldez@example.com,North Dennis,Kentucky,Aruba,2026-06-27
387,Dr. Sarah Barber DDS,brendaburgess@example.com,Darlenemouth,Wyoming,Christmas Island,2024-09-25
388,Susan Foster,hernandezmatthew@example.com,Scottview,Texas,Northern Mariana Islands,2025-11-23
389,Kathy Gentry,davidglenn@example.org,New Codyview,Maryland,North Macedonia,2025-10-25
390,Jessica Mckay,solomonelizabeth@example.com,Port Jamesside,Ohio,Slovenia,2023-08-22
391,Kevin Cooper,taylorlarry@example.net,New Nancy,Massachusetts,Austria,2023-10-07
392,Samantha Maddox,nancyblack@example.net,Port Carlshire,Maryland,Liberia,2023-10-06
393,Isabella Guzman,michael29@example.com,Amandamouth,Utah,Swaziland,2025-05-07
394,Bonnie Harris,mdiaz@example.net,East Betty,Alaska,Haiti,2026-05-22
395,Mrs. Victoria Ramirez,michaelrussell@example.net,New Thomashaven,Massachusetts,Panama,2024-07-11
396,Timothy Johnson,williamsmichael@example.com,Hahnmouth,South Carolina,Malawi,2024-06-26
397,Antonio Landry,julieweiss@example.net,Garciamouth,North Dakota,Bulgaria,2025-05-04
398,Mrs. Margaret Diaz DVM,victorguzman@example.com,Walkerstad,Utah,Cuba,2025-02-14
399,Ronald Miller,rwiggins@example.com,Wallerville,Maryland,Uruguay,2024-08-06
400,Christie Conner,andrew16@example.com,Josephberg,New Jersey,Solomon Islands,2025-12-04
401,Gregory Aguilar,kristinastone@example.net,East Chrishaven,Georgia,Saint Pierre and Miquelon,2026-05-22
402,Brenda Gardner,barbara24@example.com,South Michael,Delaware,Saudi Arabia,2025-01-18
403,Megan Leach,ahunter@example.net,North Bradleyberg,Ohio,Kyrgyz Republic,2024-11-20
404,Ashlee Garcia,shannon65@example.net,New Luisshire,Hawaii,San Marino,2023-10-21
405,Sarah Turner,lindapatel@example.net,Hallberg,Oregon,Jordan,2025-02-11
406,Tiffany Garner,veronicaflowers@example.com,Kevinmouth,Mississippi,Cocos (Keeling) Islands,2025-04-24
407,Martin Sullivan,riveramark@example.net,Lindatown,Tennessee,India,2024-07-30
408,April Strickland,cassandra97@example.org,Frankhaven,Vermont,Afghanistan,2023-08-31
409,Charles Hill,davidsmith@example.com,Kaitlynberg,New Jersey,Czech Republic,2026-02-23
410,Amanda Brooks,nicolemartin@example.org,South Mark,Tennessee,Afghanistan,2024-07-20
411,Kristina Pham,stephanie63@example.com,Johnside,Louisiana,Cote d'Ivoire,2026-04-19
412,Mr. Matthew Sullivan II,munozjessica@example.net,Adamston,Vermont,Albania,2025-06-06
413,Mario Silva,bensonjames@example.com,Port Susanstad,Michigan,Bolivia,2025-09-25
414,Rachel Douglas,lisa69@example.com,Richardsonland,New Hampshire,Albania,2026-02-06
415,Melissa Andrews,michael78@example.org,Lake Richardborough,Washington,Turkey,2024-04-12
416,Dalton Winters,meghan74@example.com,Jennifermouth,Colorado,Moldova,2026-04-10
417,Kevin Hunt,veronicagreer@example.com,Smithshire,California,Guinea-Bissau,2025-01-04
418,Gabriel Rice,thorntonrandall@example.org,Josephborough,Nebraska,Luxembourg,2024-08-09
419,Guy Tucker,lhicks@example.org,Port Arthurberg,Nevada,Guadeloupe,2026-06-16
420,Natalie Pennington,zwhite@example.com,Douglasside,Georgia,Panama,2026-05-10
421,Roberta Hopkins,heathermorton@example.org,Tranport,South Carolina,Korea,2023-11-16
422,Troy Cruz,melissa54@example.org,North Amanda,Nevada,Senegal,2024-11-09
423,Justin Alexander,jo08@example.net,Ingramview,Vermont,Madagascar,2025-12-06
424,David Jones,daniellebrooks@example.org,East Eddie,Colorado,Norfolk Island,2024-02-25
425,Alexis Armstrong,psmith@example.net,West Sabrinaville,Louisiana,Oman,2025-07-19
426,Melissa Williams,williamsjohn@example.org,Murraytown,Virginia,Trinidad and Tobago,2026-03-22
427,Jacqueline Rivera,huynhrobert@example.com,Oliviafort,Washington,Kyrgyz Republic,2025-08-11
428,Wayne Williams,griffincarly@example.org,Aaronfurt,Michigan,Mozambique,2025-11-19
429,Hector Montgomery,laurenclements@example.net,Pamelamouth,Illinois,Kuwait,2024-12-18
430,Jason Reyes,hillbarbara@example.com,South Lisa,New Hampshire,Cook Islands,2025-08-16
431,Arthur Williams,natalie82@example.net,West Donna,Hawaii,Nauru,2024-07-17
432,Justin Thomas,elizabethmiller@example.org,New Michele,Texas,Malta,2023-12-15
433,Tracey Cobb,andremills@example.org,West Nathanshire,West Virginia,Peru,2024-05-30
434,Gregory Dominguez,lindsaydorsey@example.com,West Josephbury,Kansas,Turkmenistan,2023-09-10
435,Sean Flowers,fduran@example.org,Emilychester,Nebraska,Kyrgyz Republic,2024-03-22
436,Megan Wilson,markcarrillo@example.com,Jordanburgh,Minnesota,Poland,2024-01-31
437,Rachel Nelson,kdavis@example.net,Port Ashleyview,Georgia,French Polynesia,2025-02-02
438,Tara Perez,scottandrew@example.org,Davischester,Utah,Thailand,2023-10-30
439,Katherine Robinson,emily71@example.net,East Julia,New Jersey,Libyan Arab Jamahiriya,2024-03-05
440,Autumn Johnson,anna57@example.org,South Melaniestad,Washington,Saint Kitts and Nevis,2025-05-27
441,Jason Harris,deborah80@example.org,South Kristen,Nevada,Lithuania,2026-07-11
442,Jeffrey Gutierrez,andrea35@example.org,Mahoneyburgh,Connecticut,Ukraine,2023-11-27
443,Gregory Paul,lauriemoore@example.com,North Michaelshire,Georgia,Svalbard & Jan Mayen Islands,2025-01-21
444,Sarah Young,gainestonya@example.org,Lake Stephaniemouth,Kentucky,Italy,2025-02-21
445,Luke Leach,robin35@example.com,Toddberg,New Mexico,Tokelau,2024-03-24
446,Emily Hernandez,pricestephanie@example.org,Thomasland,California,Lithuania,2024-05-08
447,Margaret Keller,whitekatie@example.com,Lake Donnaville,Delaware,Vanuatu,2024-12-07
448,Raymond Finley,amanda11@example.org,East Kelly,Vermont,Singapore,2023-11-28
449,Ronnie Adams,kcollins@example.org,Bakermouth,Maryland,Saudi Arabia,2024-02-28
450,Barbara Moore,hknight@example.net,East Andrea,Ohio,Botswana,2025-07-07
451,Shannon Vazquez,asherman@example.org,Kellybury,Vermont,Taiwan,2025-04-10
452,Donna Hubbard,zwilliams@example.net,Troyshire,Iowa,Turkey,2025-08-09
453,Corey Dixon,heather82@example.net,Richardchester,Mississippi,Colombia,2024-12-25
454,Richard Johnson,cgarcia@example.org,Brandonland,Florida,Cuba,2024-03-06
455,Stephanie Huang,stephanie14@example.net,Haneyberg,Indiana,Albania,2024-02-11
456,Rebecca Williams,sarabrady@example.net,Lorimouth,Maine,Angola,2024-05-04
457,Victoria Brewer,gomezandrew@example.net,Andrewburgh,Tennessee,Kenya,2025-12-12
458,Michael Davis,ricky01@example.com,Matthewberg,Illinois,Kenya,2023-12-12
459,Emily Arnold,brianbryant@example.com,Lisahaven,Minnesota,Greece,2025-05-21
460,Kristen Simmons,jennifer10@example.org,East Jason,Kansas,Svalbard & Jan Mayen Islands,2024-05-23
461,Kelly Brown,lewissteven@example.com,North Michael,Kentucky,Mauritania,2024-04-23
462,Kristin Wang,shawgregory@example.net,New Jimmyview,Hawaii,Bulgaria,2023-11-14
463,Brent Rollins,samanthacline@example.net,Port Tyler,Alaska,Serbia,2023-12-12
464,Christopher Padilla,ubrock@example.net,West Hannah,Maryland,Wallis and Futuna,2024-10-09
465,Leah Robinson,colleengomez@example.com,Jeffreymouth,New Jersey,Venezuela,2025-01-06
466,Dennis Silva,lewismicheal@example.net,Nicholasport,Texas,Zimbabwe,2024-01-10
467,Eric Jacobs,hawkinsluke@example.org,West Deniseshire,Arizona,Slovenia,2023-11-29
468,Kimberly Henson,ramirezdavid@example.com,Port Brianport,Alaska,Iceland,2025-08-16
469,Bradley Figueroa,caustin@example.com,Spencerberg,Arkansas,Korea,2023-08-19
470,Theresa Coffey,dennisburton@example.com,South Katrina,Florida,Dominican Republic,2026-03-21
471,Michele Lucas,gutierrezdaniel@example.org,Lake Davidview,Ohio,Saint Lucia,2025-02-16
472,Melissa Johnson,liumichele@example.org,Heatherbury,New Mexico,Bulgaria,2025-08-18
473,Sarah Lopez,johnhartman@example.org,Michaelberg,Vermont,Guadeloupe,2025-12-27
474,Donna Best,johnjohnston@example.net,Pamelaland,West Virginia,Mongolia,2024-12-19
475,Cheryl Wilkerson,williamsonjonathan@example.org,Kristinefort,Alaska,Iceland,2023-12-14
476,Dawn Pena,ericgarcia@example.net,North Andrewchester,Louisiana,Pakistan,2026-01-08
477,Antonio Davis,elizabeth82@example.com,Beverlyland,Ohio,United States Minor Outlying Islands,2026-07-10
478,Gregory Wells,michelle29@example.com,Lake Edwin,Mississippi,Svalbard & Jan Mayen Islands,2026-01-05
479,David Gates,janetoliver@example.com,Craigmouth,Minnesota,Mexico,2024-01-28
480,Jeremy Ramos,shawn15@example.com,Smithshire,Ohio,Bahamas,2025-12-13
481,Christopher Myers,lesterkayla@example.com,Amyside,Mississippi,Mongolia,2025-12-18
482,Austin Clark,timothy05@example.org,Brandonstad,Texas,Egypt,2025-08-05
483,David White,sarahgonzalez@example.org,South Amyside,Virginia,Djibouti,2025-02-10
484,Lindsey Little,kristy44@example.org,Elizabethfurt,Kentucky,Pitcairn Islands,2025-08-01
485,David Neal,martinsamuel@example.org,West Janeton,Mississippi,Qatar,2025-01-11
486,Angela Tran,jasmin01@example.org,Stephenshire,Maryland,Sweden,2025-11-12
487,Danny Parker,teresa91@example.org,Johnton,Georgia,Turkmenistan,2024-11-28
488,Matthew Boyd,derek96@example.com,North Melinda,Connecticut,Andorra,2026-01-26
489,Amy Anderson,anthonyturner@example.com,New Danielle,Wisconsin,Qatar,2024-12-18
490,Beth Duran,william83@example.net,South April,Kentucky,Estonia,2025-10-22
491,Rebecca Rice,michaelaanderson@example.com,Andersonborough,Connecticut,Benin,2025-05-14
492,Jonathan Morris,hamiltonjeremy@example.com,South Mitchellfurt,South Dakota,Niue,2026-04-04
493,Steve Acosta,stephen76@example.net,East Alexanderton,Nevada,Togo,2025-06-12
494,Laura Morrison,williamsrobert@example.org,Port Kristin,Alabama,Guinea-Bissau,2025-05-30
495,Amber Crawford,brookssamantha@example.com,Jacksonside,Maine,Turkey,2026-05-11
496,Ana Brown,vkirby@example.com,South Emilyton,Wisconsin,United States of America,2025-09-08
497,Kristen Nguyen,steven47@example.com,Port Sara,Tennessee,Burkina Faso,2025-04-13
498,Christopher Moreno,sandra87@example.com,Lake Alisonview,Tennessee,Aruba,2023-10-20
499,Alicia Allen,qpetersen@example.com,Jessicamouth,Iowa,Angola,2024-08-24
500,Austin Sims,emily50@example.net,Fosterview,Maryland,Australia,2023-12-06
501,Kristin Hester,lambstacie@example.org,East Debbie,Iowa,United States Minor Outlying Islands,2026-04-12
502,Danielle Martinez,cbishop@example.com,Marybury,Missouri,Heard Island and McDonald Islands,2026-03-21
503,Jeffrey Thompson,joseph97@example.org,West Benjaminmouth,Rhode Island,Dominica,2024-03-05
504,Sean Lewis,julie53@example.net,Port Daniel,South Carolina,Burundi,2023-10-17
505,Emily Hamilton,kevin61@example.net,Nancyport,Virginia,Taiwan,2025-05-23
506,Brian Middleton,jeffrey96@example.net,New Courtneyhaven,Pennsylvania,Mongolia,2025-12-04
507,Carla Sanchez,emily06@example.com,Jacobsfort,Wyoming,Guam,2023-12-07
508,Elizabeth Ferguson,rachel22@example.net,South Joe,Georgia,Rwanda,2025-05-26
509,Kristin Hoffman,andersonstephanie@example.org,Christophermouth,Michigan,Gambia,2023-11-29
510,Crystal Fernandez,rushrenee@example.net,Conleystad,North Carolina,Christmas Island,2026-07-06
511,Dale Miller,hendersonjeffrey@example.net,Bassfort,North Dakota,Heard Island and McDonald Islands,2026-01-22
512,April Young,janetmoore@example.net,South Jamestown,Florida,Gibraltar,2024-07-01
513,Michael Stephens,keithsullivan@example.com,Andersonfort,Texas,Portugal,2026-07-11
514,Kristin Rodriguez,jjacobs@example.net,South Melissahaven,New Jersey,Bosnia and Herzegovina,2024-05-16
515,Laura Williams,ismith@example.net,Lake Jeffrey,West Virginia,Vanuatu,2026-07-04
516,Thomas Webster,amclaughlin@example.com,East Monica,Maine,Turkmenistan,2024-04-01
517,Bradley Goodwin,ckim@example.org,Scottside,Hawaii,Eritrea,2025-04-21
518,Tim Chen,laurie04@example.net,Port Jimmychester,North Carolina,Northern Mariana Islands,2025-08-03
519,Emily Henson,danielle31@example.com,Coxfort,Arizona,Cocos (Keeling) Islands,2024-01-02
520,Sean Jensen,gardnerwilliam@example.com,South Nicolehaven,Arkansas,Russian Federation,2024-10-10
521,Casey Reynolds,ashleycindy@example.com,East Jamesport,Indiana,Myanmar,2024-05-05
522,Robert Cuevas,tfisher@example.com,Stanleyshire,Alabama,Uruguay,2026-07-10
523,Eric Cook,jennifer22@example.org,Tammyburgh,Alaska,Grenada,2026-02-05
524,Richard Robertson,robertanderson@example.org,Port Evan,Idaho,El Salvador,2024-05-22
525,Patty Rogers,michaelallen@example.org,West Robert,Illinois,Guernsey,2025-04-30
526,Joshua Frost,karen43@example.com,Piercemouth,South Carolina,Mexico,2025-12-13
527,Dr. Sandra Villanueva,susanmyers@example.net,West Scott,New Jersey,Tunisia,2024-02-18
528,Mary Harvey,cunninghamdeanna@example.com,Donaldtown,New Mexico,Israel,2025-09-08
529,Joseph Lee,sullivanpaul@example.net,Walterside,South Dakota,Palau,2026-04-10
530,Kevin Johnson,igarcia@example.net,New Mirandamouth,Florida,South Africa,2026-07-27
531,Tina Clark,vincentmiller@example.com,West Marktown,Illinois,Saudi Arabia,2024-06-14
532,Kimberly White,oscar92@example.org,Mcbridehaven,Indiana,Haiti,2024-02-12
533,Jennifer Paul,michaelwilson@example.com,Stevensport,Colorado,Anguilla,2026-05-31
534,Mike Page,brian22@example.net,West Ronniehaven,Nebraska,Belarus,2024-02-18
535,Curtis Fields,amanda57@example.net,South Stephaniehaven,Florida,Samoa,2025-10-25
536,Jacob Evans,wpeterson@example.org,Micheleton,Connecticut,Bangladesh,2025-10-02
537,Lauren Mitchell,josephstephanie@example.com,Thomasview,Vermont,Turks and Caicos Islands,2026-01-09
538,Brooke George,russell72@example.net,Josemouth,Alaska,Belgium,2026-02-01
539,Amber Zamora,ana91@example.org,West Kristastad,Washington,Grenada,2025-11-10
540,Brittany Clarke,michael78@example.org,Lake Daniel,Missouri,Honduras,2024-07-28
541,Kimberly Anderson,sjuarez@example.com,North Angela,Illinois,Puerto Rico,2025-03-16
542,John Kirk,johnerickson@example.org,Hernandezstad,Rhode Island,Iraq,2024-03-06
543,Sheila Hall,bethany18@example.org,South Brendafort,Georgia,Brunei Darussalam,2024-04-11
544,Edward Orr,tanderson@example.com,South Zachary,Ohio,Belarus,2024-12-26
545,Jill Guerrero,elee@example.com,Andersonberg,Arkansas,Barbados,2024-06-11
546,Shelly Reed,edwardsandrew@example.net,Garystad,Maryland,Barbados,2025-07-05
547,Richard Wong,lwilliams@example.com,Rebeccachester,Connecticut,Austria,2023-11-04
548,Karen Williams,johngraves@example.net,Chavezmouth,Hawaii,Saint Kitts and Nevis,2024-10-15
549,Adrienne Martinez,chad89@example.com,East Carrie,Rhode Island,Palestinian Territory,2025-07-08
550,Joshua Hernandez,mthomas@example.net,Pinedamouth,North Dakota,Slovakia (Slovak Republic),2024-05-20
551,Courtney Haley,mark29@example.net,New Richard,Ohio,Argentina,2025-08-17
552,Lisa Burns,jeffrey58@example.org,Duffyborough,Rhode Island,Comoros,2023-10-27
553,Christina Foster,mariatran@example.com,Katelynhaven,Mississippi,Myanmar,2024-02-16
554,Miguel Perez,markjones@example.org,East Evanside,Nebraska,Libyan Arab Jamahiriya,2024-02-05
555,Michael Frye,harpercarrie@example.com,Hessside,Texas,Italy,2024-03-19
556,Travis Carson,brownjenny@example.net,East Alexanderland,Rhode Island,Haiti,2024-12-03
557,John Mcgee,john09@example.org,Heidiview,Wisconsin,Haiti,2026-01-29
558,Patricia Thompson,nmelton@example.com,Port Patriciashire,Utah,Kazakhstan,2024-05-03
559,Edwin Myers,courtney94@example.com,North Edwinville,Montana,Israel,2025-10-02
560,Ashley Williams,david71@example.com,New Jonathan,Michigan,North Macedonia,2024-03-30
561,Jennifer Rivera,james52@example.org,Lake Jennifer,Montana,Austria,2024-08-27
562,Claire Shaw,april25@example.com,South Spencerfurt,Illinois,Suriname,2026-06-14
563,Cameron Williams,lisasilva@example.org,Cameronbury,Arizona,Guernsey,2023-12-20
564,Zachary Wilkerson,tracey43@example.com,East Rachaelfort,Minnesota,Cyprus,2024-04-19
565,Melissa Bradley,lewiskaren@example.com,Lake Amanda,Arkansas,Sri Lanka,2025-03-16
566,Dale Winters,wendy35@example.com,North Angelicamouth,Ohio,Singapore,2024-12-08
567,Zachary Brown,priceandrew@example.org,New Tina,South Dakota,Cocos (Keeling) Islands,2023-10-02
568,Joseph Singleton,dianelewis@example.com,Jacobton,Hawaii,Guernsey,2026-04-06
569,Jimmy Young,ashley67@example.org,North Herbert,Montana,American Samoa,2024-12-03
570,Scott Lee PhD,james89@example.net,Brownhaven,Mississippi,Indonesia,2023-08-08
571,Randy Atkins,oodonnell@example.com,Bernardfort,Colorado,Montserrat,2025-08-30
572,Brian Sullivan,kathryn07@example.org,Melendezberg,Washington,Turkey,2024-12-14
573,Crystal Hernandez,michael33@example.com,Ortiztown,Alabama,Bosnia and Herzegovina,2023-11-06
574,Jimmy Johnson,jonathan87@example.com,Payneland,New York,Bouvet Island (Bouvetoya),2024-01-07
575,Michael Mccarthy,samantha08@example.org,Hernandezside,Illinois,India,2024-10-31
576,Anthony Robinson,agill@example.net,Davischester,Massachusetts,Korea,2024-04-03
577,Brett Kelley,jason74@example.com,East Susan,Maine,Bangladesh,2025-11-21
578,Jessica Evans,delacruzcharles@example.net,Mejiamouth,Pennsylvania,Zambia,2026-03-19
579,Savannah Maldonado,mary46@example.org,Teresaberg,Louisiana,Belgium,2026-01-21
580,Michael Welch,kelly84@example.net,North Rogerville,New York,Greenland,2026-04-01
581,Sarah Anderson,xkramer@example.net,West Carla,Virginia,Armenia,2026-05-06
582,Terry Holloway PhD,torresjeffrey@example.com,New Mackenzie,Arizona,Gambia,2025-01-02
583,Robert Johnson,william01@example.net,North Nicholas,Illinois,Madagascar,2025-01-30
584,Thomas Payne,doylekyle@example.org,Angelabury,North Carolina,Albania,2024-04-14
585,Katie Fleming,wfowler@example.com,Robinsontown,Illinois,Algeria,2024-10-22
586,Lisa Martinez,smithisaac@example.net,East Justinfurt,North Dakota,Serbia,2023-12-04
587,Erin Powers,moorejennifer@example.net,North Joelmouth,Kentucky,Morocco,2024-06-30
588,Zachary Morrison,wrightchristopher@example.com,Alvarezfurt,Arizona,Ethiopia,2026-03-30
589,Sherry Pena,michael97@example.net,Hollyville,South Carolina,Dominica,2026-02-18
590,Lisa Griffin,alexis81@example.net,Mcculloughhaven,Georgia,Tuvalu,2026-07-16
591,Jasmine Smith,turnerdana@example.com,South Lisahaven,Maryland,Taiwan,2025-02-02
592,Toni Mercer,millerjeffrey@example.org,West Nicholasbury,Arkansas,Gabon,2026-05-10
593,Barbara Morris,harriszachary@example.com,South Jasmineside,Oregon,Nepal,2026-05-22
594,Jacob Roth,wjohnston@example.net,New Yvetteburgh,Arizona,Andorra,2026-04-04
595,Laura Wade,jason06@example.com,Petersonshire,Texas,Benin,2023-11-29
596,Michael Kirby,donnaclark@example.net,West Tina,Connecticut,Egypt,2024-02-26
597,Jessica Stephenson,amy45@example.org,Griffithside,Wyoming,Falkland Islands (Malvinas),2024-06-16
598,Jessica Johnson,buckleyaudrey@example.com,New Karenborough,Connecticut,Kenya,2023-12-06
599,Amanda Nichols,jonesdavid@example.org,South Janice,Delaware,Saint Helena,2025-06-13
600,Lucas Simmons,ibarrett@example.com,Kevinshire,Utah,Yemen,2025-05-18
601,Travis Carson,johnwilliams@example.net,Lake Shannon,New Mexico,Comoros,2023-08-06
602,Nathaniel Martin,juliathompson@example.org,West Mike,Indiana,Austria,2026-03-08
603,Joseph Morrison,walkerdavid@example.net,East Sherriport,Louisiana,Namibia,2025-09-11
604,Andrew Castro,evance@example.org,Waynefort,New York,Germany,2024-01-23
605,Samuel Barber,doris13@example.com,Port Kenneth,Oklahoma,Eritrea,2025-03-18
606,Amy Mayo,robertoperez@example.org,Randallstad,Louisiana,Ireland,2025-01-30
607,Robert Hall,davisalyssa@example.com,Doylechester,Arizona,France,2025-04-01
608,Brandon Kim,danielamy@example.org,Michelleberg,Arkansas,Faroe Islands,2023-11-27
609,Anthony Campbell,joseph55@example.org,Christopherbury,Mississippi,Bosnia and Herzegovina,2026-07-19
610,Mark Smith,chad44@example.org,West Matthewton,Michigan,Russian Federation,2026-04-22
611,Teresa Nelson,howardmarissa@example.net,Lyonshaven,South Dakota,Burkina Faso,2026-01-20
612,Shannon Ewing,michaelwells@example.com,Elizabethfort,Arkansas,Saint Helena,2026-03-29
613,Mathew Long,laurajohnson@example.com,Turnerside,Idaho,Holy See (Vatican City State),2023-09-13
614,Angela Ramirez,andrea00@example.org,Davisshire,Tennessee,Lao People's Democratic Republic,2026-07-17
615,Kimberly Booth,johnsonkathleen@example.org,Fosterton,Illinois,French Guiana,2023-12-17
616,Jodi Nicholson,jennifer89@example.net,East Douglas,California,Reunion,2025-01-24
617,Cameron Brown,michellebryan@example.org,Johnville,Utah,Zambia,2026-03-14
618,James Cox,christophersilva@example.net,Finleystad,Oregon,Saint Pierre and Miquelon,2025-10-12
619,James Carter,ambercabrera@example.org,North Codychester,Alabama,Korea,2025-01-28
620,James Fernandez,mvaughan@example.net,South Meganchester,Ohio,Belgium,2025-06-24
621,Dr. Lisa Brennan DVM,mary62@example.net,Douglasville,Vermont,Saudi Arabia,2023-12-12
622,Brandy Roach,ymiller@example.org,Jeffreystad,Alabama,Turkmenistan,2024-06-05
623,Michael Jones,starkrebecca@example.com,Gutierrezbury,South Carolina,United States of America,2024-02-20
624,Jennifer Walker,ericwhite@example.org,Lake Robertstad,Tennessee,Guatemala,2025-03-09
625,Marie Mitchell,rodney14@example.net,Samanthamouth,Nevada,Qatar,2025-12-04
626,Angela Vang,ishields@example.net,Jeffreystad,Missouri,Turks and Caicos Islands,2025-05-07
627,David Andersen,elizabeth14@example.com,Monicafurt,Ohio,United States of America,2026-04-14
628,Elizabeth Brown,hphillips@example.org,Roberttown,Connecticut,Northern Mariana Islands,2024-06-07
629,Anna Munoz,paul33@example.com,Obrienborough,Colorado,Netherlands Antilles,2026-03-23
630,Kevin Spencer,tpeck@example.com,Johnsonshire,Hawaii,Palestinian Territory,2026-02-01
631,James Parker,joenicholson@example.net,Nancyview,Hawaii,Angola,2025-04-12
632,Michael Martinez,jessicasimmons@example.org,Kingland,Washington,Namibia,2026-07-09
633,Amanda Wilson,garciamalik@example.net,West Kimberlyton,Massachusetts,Peru,2025-03-11
634,Michael Mora,mcook@example.net,Thomaston,Alabama,Turks and Caicos Islands,2026-07-07
635,Sharon Coleman,millerjohnny@example.org,Feliciafurt,Illinois,Niue,2025-04-03
636,Robert Soto,alexandermills@example.net,New Elizabethburgh,Arizona,Northern Mariana Islands,2024-07-31
637,Chad Johnson,xweaver@example.net,West Cameronfort,Arizona,Croatia,2024-04-26
638,Janice Randall,karenlewis@example.com,Nguyenbury,Kansas,South Africa,2024-04-09
639,Raymond Casey,xking@example.net,North Anthonyside,Utah,Luxembourg,2025-04-25
640,Luis Conner,fgray@example.org,Johnsonside,Iowa,Tajikistan,2024-11-03
641,Mary Griffin,fgoodman@example.net,South Victorshire,Wisconsin,Reunion,2024-01-22
642,Rodney Blackwell,jefferyhunter@example.org,Jaredmouth,Alabama,Singapore,2023-08-06
643,Rachael Thomas,johnsonscott@example.org,Farleyland,New Jersey,French Guiana,2024-04-15
644,Lindsey Peterson,emily26@example.org,Kellyland,Nebraska,Suriname,2023-08-26
645,Andrea Woods,thomas28@example.net,Dalestad,Michigan,Central African Republic,2025-05-26
646,Douglas Perry,lowerylisa@example.org,Clarkside,Minnesota,Bolivia,2025-02-16
647,Dawn Warren,melissa15@example.org,North Erin,Minnesota,Saudi Arabia,2025-05-21
648,Kimberly Gonzalez,palmerbrandon@example.org,Jefferymouth,Oklahoma,Bhutan,2024-06-14
649,Matthew Oneill,taylorturner@example.org,Port Gabrielle,Pennsylvania,Latvia,2023-08-23
650,Alyssa Lawson,gonzalezcheryl@example.org,Sandramouth,Oregon,Saint Martin,2024-11-03
651,Tina Jones,bethfowler@example.net,Tammyland,New Jersey,Gambia,2025-04-30
652,Erica Wall,rowecrystal@example.org,Lopezburgh,Nevada,Papua New Guinea,2024-02-28
653,Shane West,berrygina@example.org,Simpsonburgh,Idaho,French Guiana,2024-06-24
654,Sarah Wheeler,charles61@example.net,Cooperport,Nevada,Holy See (Vatican City State),2023-08-04
655,Cesar Page,coxanthony@example.net,Amandaville,Ohio,Taiwan,2025-05-18
656,Amy Arias,nlynch@example.com,Smithtown,Pennsylvania,Eritrea,2024-07-14
657,Willie Adams,vtaylor@example.org,East Anitaside,Arizona,Mayotte,2025-01-03
658,Tiffany Richardson,alexander71@example.net,Bakerstad,Arizona,Guatemala,2025-05-10
659,Heather Hopkins,joycemichael@example.net,Port Timothy,Arkansas,Falkland Islands (Malvinas),2023-11-28
660,Patricia Williams,ylee@example.com,New Ericview,Nevada,Algeria,2024-03-11
661,Kevin Cooper,michaelmitchell@example.com,New Brent,North Carolina,Gibraltar,2025-10-11
662,Jonathan Forbes,hamptonvanessa@example.org,North Sarahton,North Carolina,Kazakhstan,2026-01-25
663,Jeffrey Dalton,brownlawrence@example.com,Jenniferview,Michigan,Belize,2024-04-06
664,Patrick Walker,chad29@example.net,West Michellebury,Massachusetts,Hong Kong,2025-09-15
665,Jake Chandler,williamsonchristine@example.net,New Kevin,West Virginia,India,2026-01-16
666,Alexandra Martin DDS,peter15@example.net,Lauraland,South Dakota,Antigua and Barbuda,2025-07-12
667,Jimmy Baker,jesse29@example.net,Millermouth,Iowa,French Southern Territories,2023-08-06
668,Johnny Brown,maldonadocolleen@example.com,Sheltonborough,Louisiana,Cambodia,2025-05-23
669,Laura Morrison,malonenatalie@example.org,West Joelberg,West Virginia,South Africa,2025-04-04
670,Ashley Velez,jeffrey48@example.net,Susanberg,Alabama,Solomon Islands,2025-05-09
671,James Fox,leesarah@example.org,New Richard,Texas,Denmark,2024-02-02
672,Michelle Greer,scottmiles@example.com,Carloston,Wyoming,Norway,2024-09-04
673,Thomas Price,gcabrera@example.org,South Amy,Michigan,Lithuania,2026-05-07
674,Richard Fox,mollylewis@example.com,Lambland,Rhode Island,Congo,2025-06-14
675,Sharon Bush DDS,xsullivan@example.com,Hickston,North Dakota,Tunisia,2023-09-28
676,Keith Robinson,james07@example.net,Harrisside,New Jersey,Portugal,2024-09-27
677,Taylor Cruz,cvance@example.org,West Dylan,New Jersey,Dominican Republic,2025-01-14
678,Dana Baker,chrisgreen@example.com,Walkerhaven,Washington,Turkmenistan,2024-09-18
679,Patricia Davis,heatherkim@example.org,Michaelville,Arkansas,Saint Kitts and Nevis,2023-11-06
680,Tyler Nguyen,patriciahahn@example.org,Carrstad,Wisconsin,Tajikistan,2025-04-19
681,Christopher Ross,acevedokayla@example.com,West Lauraside,Oklahoma,Mexico,2025-06-28
682,Kyle Webb,brownstephanie@example.com,Vasquezport,Oklahoma,San Marino,2025-11-11
683,Samantha Moore,zwilliams@example.org,Kylefurt,Utah,Zimbabwe,2023-12-10
684,Jordan Thompson,guzmanchristy@example.net,Ricechester,Ohio,Isle of Man,2026-01-01
685,Herbert Carey,perezrobin@example.org,Santoschester,Connecticut,Czech Republic,2023-10-18
686,Denise Simpson,harttammie@example.com,North Jenny,Minnesota,India,2025-01-03
687,James Costa,yflynn@example.com,Wilsonland,Michigan,Dominican Republic,2025-07-27
688,Dana Todd,garyharmon@example.net,Lambmouth,Iowa,Honduras,2024-03-04
689,Sara Maldonado,ericdaniel@example.com,Freemanstad,Nebraska,Panama,2025-12-15
690,Stephanie Smith,james26@example.org,Rubenburgh,Illinois,Honduras,2025-05-07
691,Melissa Smith,andrea39@example.com,Osbornshire,Louisiana,Gambia,2025-07-26
692,Megan Allen,dlopez@example.org,Ashleyton,Georgia,Equatorial Guinea,2025-11-12
693,Katherine Moore,brownstephanie@example.com,Lake Michelle,Montana,Saint Helena,2025-03-05
694,Teresa Fernandez,johnsonamanda@example.com,Port Barbaraview,Rhode Island,Korea,2023-09-19
695,Lisa Thornton,nataliejones@example.com,Brewerbury,Kentucky,Antarctica (the territory South of 60 deg S),2026-02-08
696,Maria Clark,kabbott@example.org,North Kim,Oregon,Zambia,2024-08-20
697,Elizabeth Morgan,oking@example.net,Shanefort,Virginia,Belgium,2025-08-19
698,William Hall II,patrickrice@example.org,Meganfurt,Indiana,Benin,2025-07-24
699,Shawn Guzman,williamsjoseph@example.com,East Hollyland,Ohio,Reunion,2025-02-05
700,Melissa Parrish,heathermorgan@example.net,Lake Chelsea,Virginia,Marshall Islands,2025-05-21
701,David Dawson,kchandler@example.org,North Jackieburgh,Georgia,Latvia,2024-11-13
702,Mr. Christopher Marsh PhD,andrewgreen@example.org,South Chris,Oregon,Armenia,2023-09-22
703,Nicole Smith,chapmanfrancisco@example.net,East Sabrinahaven,Louisiana,Mexico,2025-03-06
704,Garrett Finley,roy80@example.com,Smithbury,Ohio,Bangladesh,2023-09-30
705,Mary Johnston,scottsara@example.org,Mcintoshside,Minnesota,El Salvador,2025-09-12
706,Hector Flowers,millerbrittany@example.com,Ricehaven,Iowa,Bolivia,2026-03-06
707,Steven Bauer,luisbarker@example.org,Craigfort,New Jersey,French Southern Territories,2025-07-13
708,Rachel Rangel,scottrowe@example.com,Christinestad,Mississippi,Norfolk Island,2026-04-05
709,Mary Rivera,mevans@example.com,Craneview,Illinois,Saint Lucia,2025-11-16
710,Maria Williams,cabreravernon@example.com,Carterburgh,Texas,Palau,2025-04-06
711,Katherine Rodriguez,brandyhawkins@example.org,West Matthew,North Carolina,Syrian Arab Republic,2024-12-20
712,William Dodson,destiny40@example.com,South Julia,Georgia,Botswana,2026-03-15
713,Ronald Sanchez,bthomas@example.org,Lake Danielmouth,Tennessee,Marshall Islands,2025-02-10
714,Rhonda Fuller,rachelbenson@example.com,Doughertyberg,Texas,Italy,2026-04-05
715,Deborah Terry,ecline@example.net,Dixonshire,Michigan,Libyan Arab Jamahiriya,2026-01-08
716,Jessica Jones,burchjessica@example.com,Stokesstad,Arizona,Nauru,2024-10-27
717,Nathan Hayes,smithwilliam@example.net,West Erica,Wyoming,Dominican Republic,2023-12-02
718,Caroline Robinson,melissa64@example.org,East Jeremy,Kansas,Italy,2026-01-13
719,Lisa Harvey,kelly05@example.org,East Maria,North Carolina,Guinea-Bissau,2024-10-26
720,April Brown,kevin01@example.com,North Kyleside,Virginia,Palau,2024-10-11
721,Adam Smith,sarahknox@example.com,Rickybury,Idaho,Saudi Arabia,2026-07-05
722,Michael Davis,debra81@example.net,West Michealfort,Alaska,Falkland Islands (Malvinas),2023-08-09
723,Manuel Hutchinson,rogersmargaret@example.net,North Michaelburgh,Vermont,Iceland,2025-06-11
724,Michael Graham,steven45@example.com,West Scottton,Wyoming,Svalbard & Jan Mayen Islands,2024-09-26
725,Jessica Morgan,robert66@example.com,South Zacharytown,Massachusetts,Greece,2025-10-07
726,Mark Wilson,rmartinez@example.com,Cruzview,Connecticut,Micronesia,2026-05-20
727,Cory Zimmerman,abrewer@example.org,Mosleyburgh,North Carolina,Antarctica (the territory South of 60 deg S),2026-02-04
728,Cindy Miller,scottleslie@example.org,Madisonland,Alabama,Brazil,2025-09-01
729,Lindsey Jones,kimberly95@example.com,New Isaiahmouth,Rhode Island,Congo,2023-09-19
730,Joshua Cook,edwardpoole@example.com,Sarahshire,Ohio,Costa Rica,2025-07-23
731,Megan Dodson,birwin@example.org,Campbellborough,Texas,Brazil,2024-02-24
732,Jessica Campbell,carrie05@example.net,Hendersonhaven,New Hampshire,Northern Mariana Islands,2024-10-27
733,Scott Lucero,lsmith@example.net,North Dustinberg,Alaska,Congo,2025-07-25
734,Michael Huynh,ywang@example.com,South Heatherberg,Georgia,Haiti,2023-09-19
735,James Jacobs,gjones@example.net,Hernandezton,North Dakota,Estonia,2025-08-31
736,Bridget Moore,hford@example.com,South Walter,West Virginia,Kazakhstan,2024-03-28
737,Victoria Velazquez,kennethsantiago@example.com,Pamelamouth,Massachusetts,Seychelles,2024-09-30
738,Victoria Romero,kelly66@example.net,North Emilyfurt,Hawaii,Malaysia,2025-06-08
739,Roy Gay,tgarcia@example.net,Griffinmouth,Colorado,Liechtenstein,2025-08-03
740,Jill Willis,jeffery32@example.net,Randyshire,North Carolina,Haiti,2026-06-05
741,William Cuevas,williamschristine@example.org,Fischerview,Utah,Slovenia,2024-12-19
742,Karen Hughes,jessicapowell@example.com,Smithmouth,Louisiana,Dominica,2025-05-07
743,Allison Stein,dorisgreene@example.net,Bergfort,Alabama,Seychelles,2023-08-24
744,Jeffery Bailey,thompsontanya@example.net,Johnsonchester,Indiana,Djibouti,2024-01-13
745,Zachary Jones,youngadam@example.org,New Jacquelineville,Idaho,Cayman Islands,2025-10-12
746,Vincent Pacheco,rioskyle@example.org,Benjaminchester,South Dakota,Angola,2024-07-19
747,Anna Walter,sbradshaw@example.net,Jonesberg,Arkansas,Saint Martin,2026-01-25
748,Janet Thompson,fordhenry@example.com,Herringmouth,Florida,Papua New Guinea,2024-07-04
749,Yvonne Cruz,melanie85@example.com,Mccannfurt,Texas,Uruguay,2026-02-05
750,James Sherman,slee@example.org,Brianton,Wisconsin,Sierra Leone,2024-11-13
751,Lori Owens,kristenhill@example.net,South Jamesfort,New Mexico,Liechtenstein,2025-12-13
752,Randy Nelson,jasonmiranda@example.org,Campbellland,Maryland,Saudi Arabia,2024-10-06
753,Kyle Ayala,michaelbutler@example.org,Melissaport,New York,Holy See (Vatican City State),2024-08-18
754,Heather Holmes,jfreeman@example.com,Port Lisa,Massachusetts,Spain,2024-12-30
755,Jason Mueller,wfoster@example.org,Clarkburgh,Illinois,Slovakia (Slovak Republic),2024-08-14
756,Timothy Johnson,stephanieturner@example.net,Walshmouth,Ohio,Somalia,2026-02-25
757,Heather Cantrell,shawchristopher@example.net,Timothyhaven,Wisconsin,Jamaica,2023-11-20
758,Sabrina Miller,derek53@example.org,North Marybury,Tennessee,Sao Tome and Principe,2025-03-30
759,Christopher Bowen,mindy36@example.com,South Kristin,Arkansas,Nicaragua,2025-10-04
760,Rick Brown,ashleykelly@example.org,North Patrick,Rhode Island,Slovakia (Slovak Republic),2024-08-23
761,Brad Thompson,ymorgan@example.org,Port Gabriel,Maryland,Comoros,2026-04-06
762,Terry Whitaker,davidjohnson@example.com,Lake Abigailton,Alaska,Niue,2025-05-28
763,Michael Horn,andrewstout@example.net,East Hollystad,Wyoming,Italy,2023-11-25
764,Nichole Mooney,diana79@example.net,East Sierrashire,Minnesota,United Kingdom,2025-05-01
765,Daniel Martinez,jonesbrent@example.com,Harveyview,South Carolina,Madagascar,2025-06-10
766,Jessica Reynolds,kathrynlopez@example.org,Millerfurt,Tennessee,Sri Lanka,2025-04-17
767,Rachel Cross,acostachristina@example.org,Bankstown,New Jersey,Cayman Islands,2025-03-09
768,Michael Smith,rachelmartin@example.com,Sarahhaven,Montana,Luxembourg,2024-06-12
769,Ashley Rhodes,nobleleslie@example.com,North Alexanderton,Georgia,Guadeloupe,2026-05-04
770,Sonya Atkins,brandymosley@example.com,Nguyenside,Alaska,Taiwan,2024-05-31
771,Anthony Cooper,jennifer72@example.net,West Charles,New Jersey,Mali,2024-03-03
772,Ashley Nelson,vbruce@example.org,Cabreraside,Nevada,Bhutan,2023-09-09
773,Brian Gilbert,kaylabarrett@example.org,Robertsborough,Pennsylvania,Pakistan,2023-12-07
774,Rebecca Conner,kwilliams@example.org,Gabrielbury,Arkansas,Togo,2023-08-22
775,Yolanda Irwin,gentrygregory@example.org,East Adamhaven,Nevada,Ecuador,2025-11-23
776,Karen Odonnell DDS,wooddonald@example.org,West Aaron,Tennessee,Honduras,2024-03-04
777,Sarah Norman,hector18@example.net,South Eric,Indiana,Bouvet Island (Bouvetoya),2026-06-06
778,Richard Sanford,browningjorge@example.com,Kimberlyland,Washington,Norfolk Island,2025-12-16
779,Katrina Mcfarland,sandersjacqueline@example.com,Mcknightstad,New Jersey,Ecuador,2023-12-27
780,Cassandra Kim,rachel29@example.org,Westchester,West Virginia,Kazakhstan,2025-11-19
781,Justin Carter,lopezrobert@example.org,South Julieberg,Wisconsin,Bermuda,2025-01-16
782,Kristen Knox,yclayton@example.org,North Shannonview,Texas,Luxembourg,2024-07-22
783,Maria Smith,bellkimberly@example.net,West Sheilachester,California,South Georgia and the South Sandwich Islands,2024-07-04
784,Travis Foster,joseph50@example.org,Stephanieville,New Hampshire,Tanzania,2024-05-08
785,Jorge Cox,tayala@example.com,Rebeccamouth,Montana,Haiti,2025-04-21
786,David Hicks,andrew08@example.com,Crosstown,Oklahoma,Bosnia and Herzegovina,2025-06-09
787,Jared Huerta DDS,anita36@example.com,North John,Wyoming,Bouvet Island (Bouvetoya),2025-06-06
788,Samantha Wagner,mejiabrian@example.com,North Matthewmouth,Ohio,Falkland Islands (Malvinas),2023-11-18
789,David Spence,banksphilip@example.net,Josephhaven,South Carolina,Cocos (Keeling) Islands,2025-05-29
790,Troy Hall,cfarley@example.org,Port Claudia,Oklahoma,Suriname,2024-11-26
791,Mason Warren,melissa77@example.net,Seanshire,South Carolina,Brunei Darussalam,2024-02-19
792,Jon Johnson,thomasjones@example.com,South Jeffreyville,Colorado,Saint Lucia,2024-09-26
793,Justin Bradley,emily08@example.net,New Shellyborough,Iowa,Comoros,2024-06-02
794,Whitney Macias,gomezjames@example.net,Justinmouth,Alabama,Morocco,2024-09-17
795,Dennis Brooks,porterryan@example.com,New Ericmouth,Alabama,Belize,2024-07-28
796,Steven Haynes,bmiller@example.com,Briannastad,Kansas,Senegal,2025-10-16
797,Joseph Davis,brianstokes@example.org,Lorimouth,Montana,Saint Pierre and Miquelon,2025-04-19
798,Sheila Cole,xhanna@example.com,Crawfordfurt,Nevada,Sweden,2025-08-16
799,Colleen Evans,simmonslauren@example.com,South Rachelland,Colorado,Burundi,2025-11-02
800,Lisa Summers,wwilliams@example.com,Port Toddfort,Alabama,Lesotho,2026-06-14
801,Jeremy Carter,angela90@example.net,Lake Elizabeth,Nevada,Tonga,2024-12-29
802,Joseph Arroyo,jennifer17@example.org,Brianview,New Mexico,Comoros,2024-03-12
803,Daniel Lopez,elizabethwilliams@example.org,New James,New York,Myanmar,2024-09-07
804,Robin Bishop,sheltonseth@example.org,South Faith,Virginia,Micronesia,2023-09-13
805,Mackenzie Miller,olivia77@example.net,Garciamouth,New Jersey,Georgia,2025-12-14
806,William Villanueva,xmanning@example.net,South Christopherland,Utah,Cook Islands,2025-10-06
807,Adam Terry,westamanda@example.net,North Michaelberg,Delaware,French Southern Territories,2023-09-15
808,Julie Smith,knovak@example.net,Williamstown,Michigan,Cook Islands,2025-08-01
809,Rachel Orr,danielchavez@example.org,West Kaitlynburgh,West Virginia,Venezuela,2026-05-10
810,Mark Hill,kimberly07@example.com,Port Miranda,Virginia,Guyana,2026-05-30
811,Randall Choi,kcooper@example.com,Port John,Wisconsin,Morocco,2024-03-24
812,Megan Knight,hopkinszachary@example.net,South Anthonyborough,Ohio,Kazakhstan,2025-08-14
813,Yesenia Franco,jonathan41@example.com,Beasleyfort,Michigan,Costa Rica,2024-05-06
814,Raymond Ford,curtis32@example.org,Michaelburgh,Massachusetts,Burkina Faso,2024-09-07
815,Robert Rivas,robertcaldwell@example.net,East Derek,Nebraska,Myanmar,2025-08-15
816,Jessica Kennedy,dlong@example.com,North Davidchester,Mississippi,Mongolia,2023-10-22
817,Russell Sherman,brandonfitzgerald@example.com,Walkerside,Florida,Belize,2025-05-01
818,Barbara Barton,pdiaz@example.net,East Catherineton,Delaware,Portugal,2025-12-03
819,Donna Lowe,yford@example.net,South Jessica,West Virginia,Albania,2025-04-08
820,Robert Costa,matthewsoto@example.com,Fieldstown,Montana,Japan,2026-03-01
821,Jason James,jodi16@example.net,Lake Robertmouth,Iowa,Cocos (Keeling) Islands,2025-08-09
822,Marie Smith,jfrancis@example.org,Lake Vanessa,Oregon,Papua New Guinea,2025-08-08
823,Tyler Garrett,renee06@example.net,Bradleyland,Connecticut,Bosnia and Herzegovina,2026-07-23
824,Melissa Shepherd,andrewfitzgerald@example.org,Hillfort,Montana,Saint Vincent and the Grenadines,2024-10-10
825,Robin Stark,christopherdominguez@example.com,Jasonberg,Missouri,Guadeloupe,2025-07-31
826,Rebecca Jacobson,emilychang@example.net,North Robertchester,Iowa,Sri Lanka,2024-02-02
827,Cole Wilson,jon39@example.net,New Melissaside,New Hampshire,Wallis and Futuna,2025-05-21
828,Mary Harris,wilsoneric@example.com,East Glenn,California,Australia,2024-10-11
829,David Powell,maciasjeremiah@example.org,North Nancy,Iowa,Aruba,2026-07-22
830,Tammy Gray,brendasmith@example.net,New Sandrabury,Washington,Maldives,2026-05-27
831,Brian Davies,vstewart@example.com,Jorgemouth,New York,Seychelles,2024-06-11
832,William Brown,melissacoleman@example.net,Alvarezburgh,South Carolina,Sudan,2024-02-12
833,Caitlin Castillo,cnguyen@example.org,Kathrynport,South Dakota,Canada,2024-10-13
834,Gregory Cox,cruzangela@example.net,Jamesland,Oklahoma,Aruba,2024-12-08
835,Tristan Cline,mmendoza@example.org,Perryfurt,Utah,United States Minor Outlying Islands,2024-09-07
836,Donald Stephens,adamskrista@example.com,Rebekahmouth,Michigan,Spain,2025-02-23
837,Rachel Miller,clarkvincent@example.com,East Rodney,Utah,North Macedonia,2024-10-31
838,Blake Eaton,cartermatthew@example.org,West Cynthia,Florida,Antarctica (the territory South of 60 deg S),2024-09-15
839,Caitlin Ruiz,michaellloyd@example.net,Heathmouth,Missouri,Marshall Islands,2025-02-11
840,Angela Jennings,ysantos@example.net,West Emilyview,Kentucky,North Macedonia,2023-09-01
841,Andrew Vincent,smithamanda@example.org,Fieldsbury,Pennsylvania,Switzerland,2024-05-11
842,Patrick Smith,dana33@example.net,Lisaton,Michigan,Belarus,2023-08-19
843,Connie Edwards,matthewfoster@example.org,Meghanfort,Montana,Greenland,2025-03-25
844,Christopher Ryan,erikking@example.org,West Jonathanshire,Colorado,Angola,2023-12-30
845,Claudia Heath,mezawilliam@example.net,East Donna,Georgia,Senegal,2024-09-30
846,Amanda Jackson,webbjacob@example.org,West Steven,Maryland,Japan,2024-02-01
847,Sarah Jensen,armstrongmaria@example.net,West Eric,Mississippi,Algeria,2025-05-17
848,Michael Rice,ijones@example.org,South Angelahaven,Ohio,Montserrat,2026-05-31
849,Meghan Boyd,diane72@example.org,Branchview,Nevada,Saint Helena,2025-11-21
850,Michelle Lewis,kellychristopher@example.net,Kaylachester,Virginia,Spain,2025-05-03
851,Christopher Ray,sandra30@example.org,Colemanborough,Vermont,Antigua and Barbuda,2025-05-10
852,Elizabeth Ashley,mmoses@example.org,Ericatown,Kentucky,Saint Martin,2023-12-11
853,Nicholas Bradley,daughertykelly@example.net,South Tammyborough,Iowa,Cocos (Keeling) Islands,2024-07-18
854,Gregory Coleman,geraldboone@example.com,East Saraview,Michigan,Uruguay,2025-11-16
855,Teresa Davis,wendy75@example.com,South Bryanburgh,New Mexico,Korea,2026-02-12
856,Patrick Martinez,lnguyen@example.net,East Ronald,Illinois,Antigua and Barbuda,2025-07-31
857,Nicholas Watson,jweber@example.com,West Sabrina,Alaska,Gibraltar,2023-08-26
858,Mark Holmes,steven13@example.com,Lake Andrewside,New York,Ecuador,2025-07-02
859,Paul Jordan,johnsonsarah@example.org,East Deannaville,Alaska,Myanmar,2023-10-02
860,Lauren Holmes,cassandra89@example.org,Vickiview,Maryland,Mozambique,2023-09-30
861,Anthony Lucas,fergusoneric@example.net,Philipborough,New Hampshire,Micronesia,2023-08-30
862,Joseph Sullivan,cmyers@example.net,Chanhaven,Virginia,Ecuador,2024-05-20
863,Adam Weaver,penny55@example.org,Brettville,Florida,Moldova,2025-11-10
864,Elizabeth Henson,michaelmoreno@example.net,Abigailville,Georgia,Saint Barthelemy,2024-03-10
865,Sabrina Long,oking@example.org,West Peggyhaven,Maine,Estonia,2024-07-10
866,Scott Kent,deanna45@example.net,Ashleyside,South Dakota,Tanzania,2025-10-31
867,Evelyn Moss,djohnson@example.org,Port Jessicaton,Idaho,Eritrea,2024-04-03
868,Edward Briggs,pittslinda@example.com,Wongmouth,Oklahoma,Zimbabwe,2025-12-02
869,Louis Hull,brittany84@example.com,Pacebury,Oregon,Turkmenistan,2026-02-05
870,Lisa Farmer,camachojames@example.net,East Sherry,Arkansas,Uzbekistan,2024-11-08
871,Daniel Delgado,kperez@example.org,South Jeffrey,Wisconsin,Germany,2023-09-14
872,Felicia Brown,matthewshaw@example.org,Pollardmouth,Vermont,Malta,2024-10-02
873,Evelyn Jackson,rowepeter@example.net,South Kelsey,Virginia,Saudi Arabia,2026-03-05
874,Debra Brewer,james54@example.net,Hornbury,Idaho,Madagascar,2024-01-27
875,Joanne Castillo,vbrown@example.org,Wrighttown,Oklahoma,Macao,2023-08-17
876,Elizabeth Jackson,diazbriana@example.com,Julianberg,Colorado,Mayotte,2026-01-15
877,Anthony Wilson,sgeorge@example.org,New Lindsay,Mississippi,Finland,2025-07-25
878,Christopher Burton MD,ochoacheryl@example.org,Lake Lindsaychester,Connecticut,Hungary,2024-03-11
879,Stephen Kaufman,rwilliams@example.net,Josephmouth,North Carolina,Lao People's Democratic Republic,2025-10-19
880,Gregory Smith,xmiranda@example.net,Salastown,Oklahoma,Malawi,2023-12-12
881,Mary Chambers,stacyjones@example.com,Katiehaven,California,Holy See (Vatican City State),2024-08-10
882,Emily Lane,lynn68@example.org,Brownfort,Louisiana,Cyprus,2024-07-31
883,Peter Murphy,sara97@example.com,Lake Erik,Utah,Bouvet Island (Bouvetoya),2026-02-28
884,Amy Graham,randallkaren@example.com,Port Cathy,Montana,Romania,2024-07-17
885,Hector Hicks,anthony86@example.com,Lake Sophia,West Virginia,Somalia,2023-10-22
886,Michael Johnson,mark54@example.net,Markburgh,Rhode Island,Taiwan,2025-07-29
887,Justin Lopez,ramosdenise@example.com,North Michelle,West Virginia,Puerto Rico,2024-09-05
888,Wendy King,brownadrian@example.com,Millershire,Rhode Island,Iran,2023-11-30
889,Angela Lowe,davidhughes@example.org,East Michael,California,Cayman Islands,2026-05-28
890,Brian Keller,burgessleslie@example.org,Port Jessica,Pennsylvania,Poland,2024-09-08
891,Wendy Anderson,swansonrachel@example.org,Port Nicole,Indiana,Romania,2025-07-23
892,Mr. Steven Mclaughlin,gregorynelson@example.com,Rodriguezside,New Mexico,Iran,2026-05-11
893,Madison Ford,perezdavid@example.org,South Christopher,Alaska,United States Minor Outlying Islands,2023-08-15
894,Allison Green,jodilewis@example.org,Sanchezshire,Utah,Turks and Caicos Islands,2024-10-08
895,Richard Wilson,ernest10@example.com,East Danielmouth,Oregon,Tuvalu,2025-05-17
896,Mariah Luna,cjohnston@example.net,New Luishaven,Indiana,Mali,2026-06-02
897,Deborah Cruz,curtis21@example.com,New Jamie,Delaware,Antarctica (the territory South of 60 deg S),2024-06-06
898,Jennifer Williams,kristinharvey@example.com,Monicahaven,Wisconsin,Eritrea,2025-04-21
899,Jeff Swanson,umorales@example.org,North Crystal,Michigan,Swaziland,2026-04-08
900,Megan Cox,lisa21@example.org,East Beverlyside,California,Norfolk Island,2023-12-29
901,Rebecca Carter,scott87@example.org,West Judyborough,Minnesota,San Marino,2025-12-17
902,Manuel Gray,emily68@example.com,Hernandezshire,South Dakota,Nepal,2025-02-26
903,Melissa Fischer,thomasjohnson@example.com,Catherinehaven,Nebraska,Luxembourg,2026-04-18
904,Gary Campbell,michaelflynn@example.com,Smithmouth,Kansas,Montenegro,2026-04-12
905,Emily Dorsey,brookehill@example.org,Shepherdberg,West Virginia,French Guiana,2024-12-22
906,Cameron Rodgers,xscott@example.com,Fisherland,Florida,Niue,2025-10-17
907,Sandra Watkins,tamaradillon@example.com,Michaelchester,Massachusetts,Ghana,2024-11-07
908,Linda Anderson,cameron82@example.com,Eduardomouth,Wisconsin,Trinidad and Tobago,2026-01-10
909,Janice Robertson,bdyer@example.com,Collinston,Missouri,Cayman Islands,2025-03-29
910,Ms. Rebecca Dougherty DVM,wrightkayla@example.com,Port Don,Louisiana,Martinique,2025-09-27
911,Molly Morgan,xwillis@example.net,West Elizabeth,Wisconsin,Togo,2025-11-20
912,Mary Miller,jschroeder@example.org,Perryport,Nevada,Vanuatu,2024-05-16
913,Emily Pham,amysummers@example.org,Snowmouth,New Jersey,Mayotte,2026-06-11
914,Jennifer Lynch,ellisderrick@example.net,South Williamchester,Montana,South Georgia and the South Sandwich Islands,2023-11-15
915,Cassie Graham,youngroberta@example.net,South Bradley,South Carolina,Brunei Darussalam,2026-06-15
916,Kathleen Neal,matthew68@example.net,Port Ericastad,Hawaii,Saint Pierre and Miquelon,2023-12-31
917,Parker Castillo,oconnorsean@example.net,Malikchester,Nevada,Senegal,2023-08-18
918,Anthony Patterson,colemanbrenda@example.com,Samuelville,Florida,Martinique,2024-06-12
919,Michael Mann,cbonilla@example.net,Kristenborough,Missouri,Kiribati,2025-11-06
920,Joseph Adams,vanessamoore@example.com,Nicolebury,Alaska,Svalbard & Jan Mayen Islands,2024-08-29
921,Tara Reese,ryanbuchanan@example.com,West Jonathanchester,Hawaii,Trinidad and Tobago,2024-04-10
922,Tyler Hernandez,colin79@example.org,West Conniemouth,Mississippi,Switzerland,2024-07-19
923,Amy Sanchez,katiebrennan@example.com,Port Ryanbury,Missouri,Croatia,2024-05-25
924,Emily David,torresbenjamin@example.org,South Amy,Wyoming,Canada,2025-05-30
925,Cathy Johnson,shane91@example.org,South Chris,Oklahoma,Christmas Island,2026-06-22
926,Justin Johnson,davisdean@example.org,East Jasonhaven,Tennessee,Mali,2026-05-16
927,Ryan Miller,jasmine67@example.com,New Tiffany,Indiana,Turkmenistan,2026-04-23
928,Philip Adkins,jesparza@example.net,Williamport,Maine,Guadeloupe,2026-05-31
929,David Smith,ellisonrobert@example.com,Lanehaven,North Dakota,Bulgaria,2025-02-22
930,Sarah Anderson,manuel65@example.org,East Patrickchester,Oregon,Japan,2025-02-12
931,Kenneth Lucas,sanchezkristen@example.org,Swansonfort,Alaska,Guinea-Bissau,2024-07-08
932,Larry Reeves DDS,william53@example.com,Lake Ryan,Alabama,Switzerland,2026-01-21
933,Rachel Morales,lowecorey@example.com,Lake Erinview,Wyoming,Indonesia,2026-07-13
934,Anthony Moyer,deannahuerta@example.net,Port Alan,Indiana,Maldives,2026-01-09
935,Jason Craig,donald23@example.com,Schmidtstad,Wyoming,New Zealand,2023-11-15
936,Susan Palmer,gloria50@example.com,East Kenneth,Idaho,Bolivia,2024-05-09
937,Linda Moore,bennettthomas@example.com,West Brianburgh,New Jersey,Liechtenstein,2025-08-15
938,Michael Willis,wendyharrison@example.com,Leeberg,Ohio,Mauritius,2025-02-04
939,Thomas Hansen,ana13@example.com,Port Ernest,Maine,American Samoa,2026-06-14
940,Denise Kaiser,nblair@example.net,Matthewstad,West Virginia,Reunion,2026-05-09
941,Nicole Haynes,shelly27@example.com,West Sylviashire,Oregon,Spain,2023-11-13
942,Blake Ramirez,gabrielaguzman@example.org,Cruzmouth,Maryland,Solomon Islands,2023-09-17
943,Timothy Rivera,oneillcarrie@example.org,New Andrea,Iowa,Christmas Island,2025-07-29
944,Jennifer Massey,sarameyers@example.net,Joshuaside,Minnesota,Oman,2024-12-19
945,Bradley Calderon,smithjennifer@example.org,Barronshire,South Dakota,British Indian Ocean Territory (Chagos Archipelago),2023-10-22
946,Maria Bishop,ihorn@example.com,West Chad,Utah,Uganda,2024-07-06
947,Jeffrey Smith,kimberlysnyder@example.org,North Cynthiachester,Delaware,Equatorial Guinea,2025-11-27
948,Earl Wells,nfox@example.org,New Laurenport,Virginia,Moldova,2025-02-25
949,Whitney Rodriguez,thomas99@example.org,Lake Michaelton,Louisiana,Niue,2025-04-22
950,Bradley Hayes,olsonaustin@example.com,North Nicholasside,Oklahoma,Indonesia,2025-02-18
951,Carrie Huynh,lwilliams@example.com,North Nicole,Washington,Fiji,2025-09-01
952,Don Caldwell,vazquezholly@example.net,Walkerton,Nebraska,Anguilla,2024-04-28
953,Krista Ware,petersenalicia@example.com,Jordanfurt,Indiana,Niger,2026-05-07
954,Michael Barker,amyhall@example.net,South Laurenshire,Kentucky,Nigeria,2023-11-26
955,Anna Mcdaniel,hclark@example.net,Tiffanyville,Missouri,Argentina,2023-09-18
956,Jeffrey Sampson,vegamichelle@example.org,South Katelyn,Colorado,Marshall Islands,2024-09-07
957,Gregory Collins,lbennett@example.com,Port Megan,Idaho,Sierra Leone,2024-12-04
958,Richard Thomas,albert64@example.com,Christianville,Colorado,Liechtenstein,2025-02-28
959,Joseph Krueger,lbray@example.org,Rebeccaborough,Kentucky,Gambia,2025-10-23
960,Jeffrey Garcia,jamessimmons@example.net,Lake Loganport,Arkansas,Brunei Darussalam,2026-07-02
961,Tyrone Reed,lopezmark@example.org,North Davidton,Indiana,Uruguay,2023-09-23
962,Stanley Martinez,sancheztammy@example.org,West Nathan,Illinois,Seychelles,2025-09-05
963,Renee Oconnell,ymills@example.net,South Kenneth,Kentucky,Grenada,2024-05-05
964,Deborah Rowe,wendyray@example.com,South Angelafort,Arkansas,Morocco,2024-02-08
965,Daniel Montoya,rhonda57@example.com,Jonesmouth,Nevada,Botswana,2025-11-07
966,Frank Brown,jenniferbradford@example.com,East Theresa,Michigan,Angola,2025-05-13
967,Steven Simmons,jacquelinegeorge@example.com,Saundersmouth,Michigan,Bosnia and Herzegovina,2026-04-04
968,Angel Wolfe,wesley77@example.com,Jenkinsstad,Delaware,Panama,2024-12-17
969,Marissa Martinez,twade@example.org,North Leslieport,Wyoming,Zambia,2025-04-12
970,Tracy Edwards,qmorgan@example.org,Munozstad,Mississippi,Cambodia,2025-07-25
971,Donna Whitney,james02@example.com,South Jeffrey,Arkansas,Niue,2024-04-12
972,Shelley Davis MD,falvarez@example.com,New Sabrinaport,Michigan,Japan,2025-01-27
973,Michael Stevenson,kristi45@example.org,Maryland,Utah,Morocco,2025-09-12
974,Mary Nixon,william72@example.net,Lake Davidmouth,Pennsylvania,Venezuela,2025-03-29
975,Maria Williams,katiehoffman@example.com,Simpsonton,Indiana,Saudi Arabia,2026-02-19
976,Mark Holland,samuelwilliams@example.com,Port Robinton,Massachusetts,Slovenia,2025-06-14
977,Clinton Adams,timothyrichards@example.net,Danielberg,Ohio,Iran,2023-12-13
978,Joseph Sandoval,monica51@example.net,Lake Jasmine,Ohio,Rwanda,2026-01-21
979,Christopher Macdonald,jwilliams@example.com,Brianstad,Ohio,Croatia,2023-09-20
980,Adam Owens,latashakidd@example.com,West Melissaberg,Minnesota,Heard Island and McDonald Islands,2026-03-10
981,Dawn Haynes,johntaylor@example.com,West Briantown,Pennsylvania,Lithuania,2024-07-21
982,James Miller,james19@example.com,Parkmouth,Utah,United Kingdom,2025-06-16
983,Kevin Smith,schroederdavid@example.org,East Donnahaven,New Jersey,Bahrain,2025-09-27
984,Amy Norton,edwardsjoshua@example.org,Port Jodimouth,South Carolina,Dominica,2026-05-30
985,Adam Carter,pricemark@example.org,South Alan,Iowa,Netherlands,2024-09-10
986,Daniel Owens,donna16@example.net,North Bryan,Washington,Central African Republic,2025-09-13
987,David Mccoy,maryibarra@example.net,Osbornefurt,Wyoming,Guinea-Bissau,2024-07-21
988,Kevin Lee,fcox@example.org,Stewartview,Vermont,Korea,2023-11-21
989,Julie Hunter,kfreeman@example.org,Seanview,Illinois,Switzerland,2024-01-05
990,Megan Fitzgerald,hughesjames@example.net,North Tracey,Wisconsin,Iceland,2025-08-01
991,Randall Michael,paul99@example.org,Lake Ryan,Virginia,Senegal,2024-07-29
992,Amanda Ortega,davidgutierrez@example.com,Abbottport,South Carolina,Ecuador,2023-09-20
993,Jennifer Smith,alexander27@example.com,New Madisonfurt,Oregon,Ghana,2025-07-12
994,Ronald Pierce,hanthony@example.com,New Patrickchester,New York,Liberia,2023-08-07
995,Kaitlin Khan,phillipstroy@example.com,Mauriceport,Pennsylvania,Vietnam,2024-09-21
996,Katherine Anderson,umorgan@example.net,North Nicholaschester,New Mexico,Sri Lanka,2025-08-28
997,Kimberly Brown DDS,kstrong@example.com,Nelsonville,Georgia,Nepal,2024-11-28
998,Christopher Sanders,diana17@example.com,Juanview,Idaho,Albania,2024-03-27
999,Ronald Williamson,joe41@example.net,Garrisonside,Delaware,French Southern Territories,2025-09-17
1000,Jodi Shaw,dhouston@example.org,East Monique,California,Sudan,2024-07-02
