customer_id,customer_name,email,city,age,salary
1001,Dylan Rice,garyhughes@example.net,San Francisco,22,106088
1002,Paul Miller,hwagner@example.com,San Francisco,40,143564
1003,Mrs. Sandra Herrera,stephaniesmith@example.com,San Francisco,54,104488
1004,Colin Sanders,karen67@example.org,San Francisco,38,115342
1005,Carolyn Williams,christopher53@example.net,San Francisco,41,123148
1006,Diane Nunez,latoya19@example.net,San Francisco,24,136263
1007,Benjamin Ortega,westlaura@example.org,San Francisco,24,114095
1008,Kathryn Martin,robert77@example.org,San Francisco,25,113176
1009,Jonathan King,dbishop@example.net,San Francisco,27,109699
1010,Matthew Perez,santosphilip@example.net,San Francisco,30,144672
1011,Andrew Peck,marcrobbins@example.org,San Francisco,52,51498
1012,Steven Ramos,cdavidson@example.org,San Francisco,56,101400
1013,Brenda Lopez,wilsonhannah@example.org,San Francisco,59,125219
1014,Isaac Davis,bryanlee@example.org,San Francisco,32,138554
1015,Craig Reyes,joneschristine@example.org,San Francisco,24,140547
1016,Christopher Williams,caleb74@example.com,San Francisco,63,96485
1017,Michelle Murray,wnelson@example.com,San Francisco,37,101042
1018,Susan Hawkins,crystaldavis@example.com,San Francisco,48,136853
1019,Jo Keller,parkerkenneth@example.net,San Francisco,29,125254
1020,David Mcgrath,rayrobin@example.org,San Francisco,41,49571
1021,Tiffany Hill DVM,sporter@example.com,San Francisco,31,124913
1022,Jason Jones,david96@example.net,San Francisco,56,84539
1023,John Carroll,colekirk@example.org,San Francisco,49,109168
1024,Karen Meza,andersonelijah@example.org,San Francisco,64,136922
1025,Darlene Galloway,kevinwagner@example.org,San Francisco,47,42815
1026,Matthew Morris,jessicabrown@example.com,San Francisco,45,115332
1027,Maria White,alexandria87@example.org,San Francisco,38,40832
1028,Jonathan Thompson,nbernard@example.net,San Francisco,59,148556
1029,Cheryl Fuller,jackie02@example.net,San Francisco,44,42473
1030,Amanda Ochoa,barbaramorales@example.com,San Francisco,20,69521
1031,Larry Rice,smitchell@example.com,San Francisco,40,95987
1032,Jesse Richards,luisblake@example.net,San Francisco,29,73928
1033,Michael Morrison,zstanley@example.org,San Francisco,34,116595
1034,Brittney Wright,mariavincent@example.org,San Francisco,63,140634
1035,Lydia Brown,jenkinsjames@example.com,San Francisco,40,109778
1036,Audrey Vazquez,christopherross@example.org,San Francisco,49,125670
1037,Michael Cooper,klewis@example.net,San Francisco,62,66257
1038,Catherine Robinson,stephen44@example.com,San Francisco,56,86484
1039,Robert Wilson,james42@example.org,San Francisco,65,115609
1040,John Baker,kelly95@example.com,San Francisco,29,64752
1041,Carol Hess,hayden46@example.org,San Francisco,29,67019
1042,Stephanie Jones,martinezrenee@example.com,San Francisco,39,63800
1043,Maria Thompson,donna42@example.net,San Francisco,26,43437
1044,Kathryn Ramos,scott35@example.org,San Francisco,54,118895
1045,Lisa Rice,pbrooks@example.net,San Francisco,22,142165
1046,Heather Dickerson,marshalllisa@example.com,San Francisco,28,110788
1047,Tony Jones,melissacastillo@example.net,San Francisco,42,49078
1048,Michael Young,susan82@example.com,San Francisco,40,81331
1049,Craig Jones,taylorrichard@example.com,San Francisco,34,126267
1050,Cynthia Mendoza,tcase@example.org,San Francisco,33,66437
1051,Victoria Reid,crystal06@example.com,San Francisco,39,61402
1052,Leslie Wilson,graymichelle@example.net,San Francisco,47,75530
1053,Paul Gentry,ibarradylan@example.org,San Francisco,34,68473
1054,Katherine Sosa,cruzalbert@example.org,San Francisco,42,43577
1055,Deborah Miller,garciarachel@example.com,San Francisco,28,97624
1056,Nicholas Lee,qwilliams@example.org,San Francisco,27,149334
1057,William Martin,gmccormick@example.org,San Francisco,44,43332
1058,Ashley Thompson,qoneal@example.net,San Francisco,48,137510
1059,Kimberly Thomas,jeffersonchristine@example.com,San Francisco,33,89861
1060,Robin Goodwin,qwagner@example.org,San Francisco,23,98564
1061,Antonio Jones,ramirezjoseph@example.com,San Francisco,48,92321
1062,Martin Walker,tjackson@example.net,San Francisco,32,66952
1063,Andrea Petty,gene59@example.net,San Francisco,44,117360
1064,Denise Hester,nterry@example.com,San Francisco,27,52170
1065,Lisa Jackson,anthonyedwards@example.com,San Francisco,31,106414
1066,Mary Burke,peterhamilton@example.com,San Francisco,57,134964
1067,Mario Williams,catherineblair@example.net,San Francisco,53,55951
1068,Aaron Campbell,ashleyhester@example.com,San Francisco,30,139169
1069,Jessica Johnson,alyssasaunders@example.net,San Francisco,33,55775
1070,Mark Reyes,bondrobert@example.com,San Francisco,51,137077
1071,John Stark,knoxmark@example.org,San Francisco,58,86974
1072,Anita Davis,david22@example.com,San Francisco,40,94411
1073,Matthew Melendez,walterdavid@example.com,San Francisco,32,67568
1074,Edward Shaw,marcbrooks@example.com,San Francisco,25,144830
1075,Donald Sanchez,lgallagher@example.com,San Francisco,52,87167
1076,Jermaine Kline,kiara57@example.org,San Francisco,50,73460
1077,Dr. Justin Brady,jessica25@example.org,San Francisco,52,54679
1078,Tony Hurley,robert90@example.org,San Francisco,49,42116
1079,Renee Mejia,melissachapman@example.net,San Francisco,20,89811
1080,Lisa Hart,kmurphy@example.org,San Francisco,46,92469
1081,Jennifer Scott,thomaslori@example.net,San Francisco,26,86488
1082,Debra Kim,castrokatherine@example.com,San Francisco,43,80629
1083,Angela Anderson,robertsingh@example.com,San Francisco,24,96904
1084,Connie Neal,chad39@example.com,San Francisco,61,79412
1085,David Martin,robert42@example.net,San Francisco,34,131909
1086,Christopher Nelson,donald63@example.org,San Francisco,25,125253
1087,Jason Jones,mfox@example.com,San Francisco,61,146190
1088,Christopher Reyes,wendy33@example.net,San Francisco,44,101782
1089,Donna Joseph,castillolinda@example.com,San Francisco,21,76007
1090,David Duke,bruceochoa@example.com,San Francisco,61,82371
1091,Joseph Turner,bdelgado@example.org,San Francisco,22,58446
1092,Megan Mccoy,christopherruiz@example.net,San Francisco,35,63246
1093,Monique Sutton,johnsonjohn@example.com,San Francisco,56,41215
1094,Dr. Timothy Jimenez,dlogan@example.org,San Francisco,28,107976
1095,Gloria Finley,wcollins@example.com,San Francisco,29,58378
1096,Stephen Clark,austinlinda@example.net,San Francisco,64,101579
1097,Hunter Stevenson,rodriguezbrent@example.com,San Francisco,22,48019
1098,Laura Watson,lynnmedina@example.net,San Francisco,58,145169
1099,Cheryl Wright,harriserika@example.org,San Francisco,33,136973
1100,Matthew Edwards,marshalldouglas@example.com,San Francisco,62,78415
1101,Charles Flynn,cruzjuan@example.org,San Francisco,43,120944
1102,Zachary Francis,kevin87@example.com,San Francisco,46,147905
1103,Timothy Conway,jhaley@example.org,San Francisco,30,94950
1104,Dawn Taylor,lwright@example.net,San Francisco,31,62890
1105,Jeffrey Murphy,whull@example.org,San Francisco,53,59841
1106,Brooke Yang,william37@example.com,San Francisco,62,63804
1107,Caitlyn Payne,alyssa89@example.org,San Francisco,43,54338
1108,Stefanie Higgins,maria51@example.com,San Francisco,30,43929
1109,Felicia Aguilar,lee64@example.com,San Francisco,51,66748
1110,Randall Thomas,johnsoncharles@example.com,San Francisco,39,92907
1111,Shane Good,xsimpson@example.com,San Francisco,60,88913
1112,Steve Cobb,mgill@example.net,San Francisco,36,121515
1113,Andrew Barry,nicholas09@example.net,San Francisco,40,43732
1114,Jessica Thomas,rebecca28@example.net,San Francisco,21,83461
1115,Robert Collins,murrayrachel@example.org,San Francisco,21,101669
1116,Kathleen Nelson,pwilliams@example.org,San Francisco,22,136331
1117,Daniel Evans,imatthews@example.net,San Francisco,29,93432
1118,Janice Adams,lmorris@example.com,San Francisco,22,110710
1119,Matthew Robbins,mistywolf@example.com,San Francisco,44,139942
1120,Steven Morgan Jr.,erin66@example.net,San Francisco,58,134702
1121,Andrea Howard,urodriguez@example.com,San Francisco,53,62248
1122,Megan Miller,lperry@example.com,San Francisco,30,53122
1123,Ms. Jennifer Francis,oking@example.org,San Francisco,20,85700
1124,Stephen Edwards,ewilson@example.org,San Francisco,34,52074
1125,Geoffrey Joyce,davidescobar@example.org,San Francisco,46,48693
1126,Jacqueline Lawson,watkinschristopher@example.org,San Francisco,27,102349
1127,Jessica Bradley,angela69@example.com,San Francisco,49,94404
1128,Kelly Duncan,fstevenson@example.net,San Francisco,54,97726
1129,Danny Bailey,qsims@example.net,San Francisco,28,119071
1130,Kenneth Rivas,henrybailey@example.net,San Francisco,60,40094
1131,Jennifer Anderson,pughdennis@example.com,San Francisco,39,102422
1132,Thomas Miranda,freemanjames@example.org,San Francisco,50,73667
1133,Ann Petersen,rsanchez@example.net,San Francisco,28,82320
1134,Joseph Contreras,lisasmith@example.org,San Francisco,62,110777
1135,Adam Lopez,pruiz@example.net,San Francisco,43,120427
1136,Jesse Myers,gabriel98@example.com,San Francisco,62,133888
1137,April Evans,masseyjennifer@example.org,San Francisco,26,102624
1138,Caitlin Harris,karenparker@example.net,San Francisco,51,138136
1139,Jeremy Hancock,yclark@example.com,San Francisco,56,65727
1140,Nathaniel Cobb,jmiller@example.net,San Francisco,28,68745
1141,Brittany Sanford,mcdanielruben@example.net,San Francisco,52,57014
1142,Lauren Wagner,qlevy@example.org,San Francisco,29,69563
1143,Christina Banks,mckinneyclifford@example.org,San Francisco,62,50772
1144,Angela Washington,pachecojason@example.com,San Francisco,26,134013
1145,James Long,timothy81@example.net,San Francisco,45,77001
1146,Jason Sweeney,matthew33@example.net,San Francisco,59,53792
1147,Anthony Thompson DDS,vanessa03@example.com,San Francisco,35,69651
1148,Gregory Barker,kellereric@example.com,San Francisco,36,64199
1149,Beth Norris,robert19@example.net,San Francisco,62,79466
1150,Robert Clayton,brianpowell@example.com,San Francisco,41,133121
1151,Joy Jones,srivera@example.net,San Francisco,49,127602
1152,Joshua Jones,ernest98@example.org,San Francisco,57,108146
1153,Stephanie Blankenship,murphyjoshua@example.com,San Francisco,53,115650
1154,Jason Andrews,ricardomiller@example.com,San Francisco,37,139600
1155,Ryan Taylor,susanwarner@example.com,San Francisco,28,82984
1156,Keith Murphy,jeanette90@example.org,San Francisco,47,89121
1157,Kristina Baker,jake45@example.com,San Francisco,62,59034
1158,Dr. Jason Foster,samanthaherrera@example.com,San Francisco,57,136522
1159,Gerald Waters,mannbrandi@example.org,San Francisco,22,138033
1160,Linda Cortez,jrobertson@example.org,San Francisco,44,122821
1161,Marilyn Figueroa,susan93@example.com,San Francisco,23,144096
1162,Tammy Riley,christopher70@example.com,San Francisco,32,63877
1163,Justin Murphy,robertthornton@example.com,San Francisco,20,58737
1164,Whitney Gonzales,caldwellanthony@example.org,San Francisco,60,44471
1165,Michelle Pierce,hardingeric@example.net,San Francisco,35,61218
1166,Jennifer Woods,scottblackburn@example.org,San Francisco,45,82274
1167,Courtney Schroeder,valeriebennett@example.com,San Francisco,20,114984
1168,Mr. Brian Fuller,baileydonna@example.com,San Francisco,50,103418
1169,Dustin Atkins Jr.,cburns@example.com,San Francisco,42,64608
1170,Robert Harris,charlesking@example.net,San Francisco,60,147084
1171,Tracy Vang,vanessa88@example.com,San Francisco,56,93170
1172,Daisy Guerrero,zachary86@example.net,San Francisco,48,68159
1173,Samuel Rivera,taylorbrittany@example.org,San Francisco,49,121436
1174,Stephen Anderson,tracey80@example.net,San Francisco,36,111549
1175,Garrett Williams,atkinsonkimberly@example.com,San Francisco,48,55442
1176,Ethan Cobb,williamschad@example.net,San Francisco,37,125912
1177,Tracy Schaefer,gclark@example.com,San Francisco,52,84217
1178,Jeremy Chang,crystalchandler@example.com,San Francisco,41,64421
1179,James Armstrong,spencerjoshua@example.org,San Francisco,36,84693
1180,Joseph Shah,hjimenez@example.org,San Francisco,51,141188
1181,Curtis Smith,david84@example.net,San Francisco,55,99810
1182,Casey Mccoy,millerrebecca@example.net,San Francisco,62,52648
1183,Perry Burke,lanegabriel@example.net,San Francisco,62,84875
1184,Roger Edwards,vhowell@example.net,San Francisco,53,74454
1185,Michael Wolf,johndaniels@example.com,San Francisco,24,142492
1186,Victoria Price,ojohnson@example.com,San Francisco,43,95904
1187,Sarah Mills,paula13@example.com,San Francisco,61,43331
1188,Daniel Salazar,ipierce@example.com,San Francisco,54,56544
1189,Michael Delgado,ricewilliam@example.com,San Francisco,26,69769
1190,Michael Carroll,cynthiasalas@example.com,San Francisco,49,148799
1191,Catherine Goodwin,williamrich@example.com,San Francisco,27,55765
1192,Timothy Hansen,david31@example.org,San Francisco,55,133414
1193,Katrina Brown,zcalderon@example.com,San Francisco,38,56554
1194,Kevin Huerta DDS,kathrynbaxter@example.org,San Francisco,42,80243
1195,Kerry Haas,cflores@example.com,San Francisco,48,97168
1196,Jonathan Goodwin,johnhuff@example.org,San Francisco,55,50874
1197,James Burns,prodriguez@example.org,San Francisco,52,63935
1198,Kyle Bates,nicholaspeterson@example.com,San Francisco,45,147482
1199,Thomas Campbell,qwoods@example.net,San Francisco,52,65543
1200,Michael Parker,shauncannon@example.com,San Francisco,29,129204
1201,Eric Roman,tonyamorris@example.net,San Francisco,34,141700
1202,Ryan Munoz,mannlisa@example.com,San Francisco,21,66041
1203,Pamela Garcia,edwardsryan@example.org,San Francisco,42,108888
1204,Kimberly Cooper,steve46@example.com,San Francisco,58,142227
1205,Mariah Brown MD,walleramy@example.net,San Francisco,29,113778
1206,Wendy Villarreal,jonathonmorris@example.org,San Francisco,53,108818
1207,John Hicks,owilliams@example.com,San Francisco,23,144891
1208,Stephanie Bennett,melissawaters@example.net,San Francisco,54,87534
1209,Eric Mata,devon57@example.org,San Francisco,54,70202
1210,Evan Gilmore,jennifer82@example.com,San Francisco,64,109582
1211,Joshua Colon,lindaali@example.net,San Francisco,30,89082
1212,Susan Marshall,hrodriguez@example.net,San Francisco,30,53125
1213,Patricia Espinoza,dcarpenter@example.net,San Francisco,63,61710
1214,Jason Trujillo,cynthiajohnson@example.net,San Francisco,60,123140
1215,Marisa Ramirez,sgoodwin@example.org,San Francisco,59,69656
1216,Brendan Ritter,samanthahogan@example.org,San Francisco,65,59929
1217,Kenneth Ramirez,sarahmiles@example.org,San Francisco,54,119910
1218,Melissa Camacho,plopez@example.net,San Francisco,47,66502
1219,Sharon Davis,joshua54@example.org,San Francisco,37,46411
1220,Lisa Flores,christophercannon@example.org,San Francisco,45,78862
1221,Hannah Walker,rebeccamoore@example.org,San Francisco,44,108386
1222,Connor Contreras,parkersean@example.net,San Francisco,46,102461
1223,Heather Garcia,fpena@example.org,San Francisco,49,82194
1224,Patrick Richardson,ithompson@example.com,San Francisco,28,134574
1225,Emily Carter,kennethhughes@example.net,San Francisco,39,40046
1226,Samantha Hahn,jasonray@example.com,San Francisco,24,72942
1227,Cassandra Harper,randall36@example.org,San Francisco,65,112844
1228,Dale Smith,paul17@example.org,San Francisco,62,80842
1229,Tracy Hernandez,youngjared@example.com,San Francisco,33,136136
1230,Anthony Bryan,krista74@example.net,San Francisco,59,117854
1231,Brandon Roman,jonathanpearson@example.org,San Francisco,24,47762
1232,Melanie Perez,brownstephanie@example.org,San Francisco,46,58389
1233,David Bennett,tracimaddox@example.net,San Francisco,29,103036
1234,Russell Torres,karen85@example.com,San Francisco,30,140216
1235,Tammy Bean,franciscoandrews@example.org,San Francisco,35,91280
1236,Ashley Smith,alison10@example.com,San Francisco,30,124683
1237,Patricia Burgess,whitepedro@example.org,San Francisco,46,91249
1238,Kevin Walsh,qgreen@example.com,San Francisco,57,65345
1239,Ronald Weber,ivance@example.com,San Francisco,35,149357
1240,Vincent Butler,sgardner@example.com,San Francisco,42,49244
1241,Dr. Connie Carey,jordanbrian@example.org,San Francisco,34,76204
1242,Denise Prince,michaelnewton@example.org,San Francisco,28,92617
1243,Robert May,mcdanielkatelyn@example.net,San Francisco,27,135155
1244,Allison Sanchez,mooneydanielle@example.net,San Francisco,57,128121
1245,Jeffery Wallace,amber33@example.net,San Francisco,29,66978
1246,Bryan Gallagher,spencer55@example.com,San Francisco,48,58665
1247,Andrea Hart,kellychang@example.org,San Francisco,63,76106
1248,Robert White,kellydesiree@example.org,San Francisco,40,41411
1249,Shannon Frazier,danielalexander@example.com,San Francisco,60,55373
1250,Barbara Ochoa,klawson@example.com,San Francisco,53,80784
1251,Sarah Malone,tdoyle@example.org,San Francisco,53,53449
1252,Thomas Brown,john32@example.com,San Francisco,60,118439
1253,Perry Tucker,ycervantes@example.org,San Francisco,50,70432
1254,Katie Campbell,blakesarah@example.net,San Francisco,62,97445
1255,Karen Long,jason99@example.com,San Francisco,39,147772
1256,Nicholas Todd,leetricia@example.net,San Francisco,27,110943
1257,David Davis,irios@example.net,San Francisco,59,99554
1258,Kaylee Burnett,theresa48@example.com,San Francisco,29,49227
1259,Felicia Johnson,david23@example.com,San Francisco,41,75665
1260,Brian Mendez MD,jonathan93@example.net,San Francisco,22,90004
1261,Benjamin Martinez,melissa00@example.org,San Francisco,36,54789
1262,Heather Rice,rose86@example.com,San Francisco,60,101148
1263,Katelyn Clark,kimberly96@example.com,San Francisco,47,116674
1264,Aaron Taylor,dgray@example.com,San Francisco,30,133029
1265,Rebecca Baker,adamgarcia@example.org,San Francisco,64,144130
1266,Jose Clark,michaelmathews@example.net,San Francisco,51,139412
1267,Laurie Campbell,jason35@example.org,San Francisco,38,69443
1268,Chad Lawson,timothy75@example.org,San Francisco,53,53506
1269,Jessica Castro,robinsonjoy@example.com,San Francisco,25,135913
1270,John Jones,edward81@example.org,San Francisco,58,118518
1271,John Tanner,chelseasuarez@example.net,San Francisco,43,71626
1272,Louis Smith,john52@example.net,San Francisco,62,104819
1273,Sarah Williams,jacob98@example.com,San Francisco,64,96685
1274,Donna Grimes,millerchristine@example.net,San Francisco,46,47425
1275,Nathan Gibson MD,pharris@example.com,San Francisco,60,53787
1276,Amanda Hodges,johnstonrobert@example.net,San Francisco,37,134902
1277,Eric Carson,vdavila@example.net,San Francisco,37,72986
1278,Jerry Lynch,chananthony@example.org,San Francisco,60,106561
1279,Danielle Cooper,rebekahmorales@example.net,San Francisco,41,95003
1280,Tammy Stone,carterdaniel@example.net,San Francisco,62,149615
1281,Stephen Patterson DDS,anthonyfoley@example.org,San Francisco,36,86748
1282,Stephanie Shaw,zstanley@example.org,San Francisco,25,41694
1283,Jessica Leblanc,hugheswilliam@example.org,San Francisco,26,133466
1284,David Hines,johnsonamanda@example.com,San Francisco,51,71816
1285,Justin Reeves,hfitzpatrick@example.org,San Francisco,57,104877
1286,Robert Benson,trandouglas@example.net,San Francisco,34,117474
1287,Carol Henry,rhonda24@example.net,San Francisco,47,127245
1288,Lauren Weber,hjohnson@example.com,San Francisco,37,53626
1289,Michael Byrd,nancy37@example.net,San Francisco,65,103945
1290,Michael Ramirez,nnolan@example.org,San Francisco,55,119513
1291,Isabella Powell,hjohnson@example.com,San Francisco,56,89259
1292,Sandra Scott,nelsonkevin@example.org,San Francisco,58,108022
1293,Nicholas Johnson,cwood@example.org,San Francisco,62,90146
1294,Scott Martinez,xedwards@example.org,San Francisco,22,118861
1295,William Tucker,kwarren@example.org,San Francisco,26,117377
1296,Kathy Villanueva,eric34@example.com,San Francisco,61,52920
1297,Michelle Johnston PhD,paulabrooks@example.net,San Francisco,56,52440
1298,Karen Lee,urussell@example.com,San Francisco,27,140143
1299,Todd Hicks,shuff@example.net,San Francisco,35,87277
1300,Dana Estrada,kentmary@example.com,San Francisco,57,128160
1301,Kevin Dominguez,deborah90@example.com,San Francisco,65,119142
1302,Kathleen Martinez,james60@example.net,San Francisco,46,146860
1303,Dylan Walker,scottsylvia@example.org,San Francisco,45,134147
1304,Troy Brown,david16@example.net,San Francisco,22,85521
1305,Johnny Bell,afrank@example.com,San Francisco,61,143302
1306,Christopher West,bgarcia@example.org,San Francisco,48,100390
1307,Erika Jenkins,gregory72@example.net,San Francisco,56,108519
1308,Sydney Watts,williamsoto@example.com,San Francisco,22,92257
1309,Jennifer Sanders,melaniegonzales@example.org,San Francisco,60,137568
1310,Emily Sampson,obowman@example.net,San Francisco,47,127696
1311,Jordan Forbes,nina25@example.com,San Francisco,21,68316
1312,Douglas Roman,tinawilliams@example.org,San Francisco,56,63689
1313,Alex Steele,floreslaura@example.com,San Francisco,21,122643
1314,Robert Long,younganthony@example.net,San Francisco,41,52950
1315,Kaitlin Davis,erictownsend@example.org,San Francisco,38,94020
1316,Michelle Reyes,usullivan@example.com,San Francisco,21,135559
1317,Erika Fitzgerald,joshuaburton@example.net,San Francisco,49,73228
1318,Scott Levine,jeffrey32@example.net,San Francisco,42,147265
1319,Susan Owens,diazpamela@example.org,San Francisco,63,85095
1320,Kelly Mckay,hwalker@example.org,San Francisco,42,72597
1321,Robert Mathews,vphillips@example.com,San Francisco,37,98459
1322,Brian Wilson,vsmith@example.com,San Francisco,23,82534
1323,Vicki Smith,cindybrooks@example.net,San Francisco,49,131633
1324,Johnathan Yates,christopher35@example.net,San Francisco,60,74494
1325,Sara Coffey,urios@example.net,San Francisco,30,67443
1326,Chris Ross,ryan06@example.net,San Francisco,55,141031
1327,Max Brown,olsonkathleen@example.net,San Francisco,55,124972
1328,Jillian Crane,clinejames@example.net,San Francisco,40,137085
1329,George Jones,shawngonzalez@example.com,San Francisco,45,138739
1330,Felicia Lucas,webertravis@example.net,San Francisco,42,142363
1331,Craig Adams,sandersfelicia@example.org,San Francisco,31,105514
1332,Todd Ballard,pcarrillo@example.org,San Francisco,25,83747
1333,Bethany Leonard,rebecca70@example.net,San Francisco,42,120793
1334,Anna Mayo,nelsonhannah@example.org,San Francisco,54,136974
1335,Jessica Gilbert,bradley89@example.net,San Francisco,34,81488
1336,Jermaine Gibbs,angela12@example.com,San Francisco,39,53277
1337,Katherine Howe,alansmith@example.org,San Francisco,25,123814
1338,Joshua Watkins,riveradestiny@example.net,San Francisco,45,81015
1339,Bryan Smith,justinfranco@example.com,San Francisco,59,105168
1340,Kristen Figueroa DDS,morgantina@example.net,San Francisco,60,64404
1341,Tyler Holmes,lpatrick@example.net,San Francisco,44,66496
1342,Cody Garcia,yvonnedavis@example.net,San Francisco,36,132719
1343,Eric Johnson,susanjones@example.com,San Francisco,51,85953
1344,Tonya Gallegos,douglas12@example.net,San Francisco,41,145630
1345,Monica Knight,randymoore@example.com,San Francisco,48,87377
1346,Debra Hicks,brenda59@example.org,San Francisco,30,62091
1347,Jasmine Atkins,aaronwalker@example.net,San Francisco,40,42087
1348,Natasha Wood,tyler16@example.com,San Francisco,27,64876
1349,Samuel Ellison,clarkjustin@example.net,San Francisco,57,80701
1350,Sarah Turner,groberts@example.com,San Francisco,52,131780
1351,Andrew Cruz,james22@example.org,San Francisco,61,113463
1352,Zachary Kaiser,gcruz@example.org,San Francisco,38,139191
1353,Steven Caldwell,lisa57@example.com,San Francisco,55,110550
1354,James Gordon,wattsmelissa@example.org,San Francisco,31,92162
1355,Emily Brandt,miguelschultz@example.com,San Francisco,59,131178
1356,Megan Wells,anne81@example.net,San Francisco,24,66033
1357,Jeffrey Reyes,laustin@example.com,San Francisco,25,51867
1358,Linda Patrick,kgraham@example.org,San Francisco,65,118377
1359,Joshua Miller,theodorehall@example.com,San Francisco,62,93036
1360,Daniel Stevenson,tammy78@example.net,San Francisco,36,59105
1361,Amanda Stein,patriciasmith@example.com,San Francisco,65,84585
1362,Michael Johnson Jr.,michael02@example.net,San Francisco,54,86373
1363,Peter Mitchell,xwalker@example.net,San Francisco,45,57436
1364,Brandon Beard,heather91@example.org,San Francisco,44,53582
1365,Charlotte Allen,wilcoxryan@example.net,San Francisco,38,120402
1366,Tracy Gates,beasleyrobert@example.com,San Francisco,56,50775
1367,Dawn Olson,karenmarquez@example.org,San Francisco,40,69468
1368,Shane Phillips,williamwright@example.com,San Francisco,48,148283
1369,Carrie Smith,daysergio@example.net,San Francisco,22,72231
1370,Marc Reed,jacobfitzpatrick@example.com,San Francisco,55,60317
1371,Frederick Vargas,dennisanderson@example.com,San Francisco,62,75885
1372,Randy Bryant,michael50@example.org,San Francisco,21,104814
1373,Mary Boyd DVM,christopherwalls@example.com,San Francisco,34,149215
1374,Jessica Johnson,olopez@example.net,San Francisco,64,68701
1375,Michelle Ferguson,gregory04@example.com,San Francisco,35,69600
1376,Michael Holt,miguelshaw@example.net,San Francisco,48,124920
1377,Paul Brown,ujohnston@example.org,San Francisco,33,59054
1378,Cassandra Peterson,deannabrown@example.com,San Francisco,20,78901
1379,Brad Barnes,svargas@example.com,San Francisco,35,42722
1380,Jill Chavez,meyerkathleen@example.net,San Francisco,59,103343
1381,Cindy Perry,marksmolly@example.com,San Francisco,48,94332
1382,Donna Walsh,janetbrown@example.net,San Francisco,55,112250
1383,Nicole Thompson,susan01@example.net,San Francisco,56,65197
1384,Daniel Freeman,rtaylor@example.org,San Francisco,46,64386
1385,Rachael Gray,kelly99@example.com,San Francisco,53,116139
1386,Laura Zimmerman,lisabauer@example.org,San Francisco,45,122215
1387,Nathan Martinez,davisjonathan@example.net,San Francisco,56,90738
1388,Mary Carlson,fwhite@example.com,San Francisco,36,132634
1389,Kevin Rodriguez PhD,cunninghamraymond@example.org,San Francisco,43,145306
1390,Rachel Ritter,beckalan@example.net,San Francisco,36,96533
1391,Todd Robertson,rmccullough@example.org,San Francisco,43,87777
1392,Karen Nunez,nancy96@example.com,San Francisco,35,81963
1393,Matthew Harvey,melissadodson@example.com,San Francisco,54,86802
1394,Caleb Marshall,caleb34@example.org,San Francisco,24,130858
1395,Cynthia Hall,rford@example.com,San Francisco,28,82160
1396,Kathleen Lewis,paulwhitaker@example.com,San Francisco,64,72361
1397,Karen Williams,smithjeanne@example.net,San Francisco,54,115885
1398,Brandon Smith,rjones@example.net,San Francisco,28,52664
1399,Jordan Sosa,qmiller@example.net,San Francisco,52,132845
1400,Karen Baker,tlong@example.com,San Francisco,50,110170
1401,Kathleen Barnett,vhernandez@example.org,San Francisco,40,53737
1402,Paul Jackson,michealhenderson@example.net,San Francisco,58,69861
1403,Rachel Moss,ericsherman@example.com,San Francisco,42,134052
1404,Sarah Armstrong,nicolenguyen@example.com,San Francisco,64,124536
1405,Stacy Burns,jessica78@example.org,San Francisco,55,147620
1406,Mary Thompson,deniseevans@example.com,San Francisco,34,100986
1407,Debra Barber,whitenicholas@example.com,San Francisco,37,115269
1408,Margaret Lawson,psantiago@example.org,San Francisco,23,100324
1409,Jennifer Valencia,scook@example.com,San Francisco,59,97392
1410,Kevin Gill,bryce95@example.com,San Francisco,51,117471
1411,Jennifer Duarte,pearsonjames@example.org,San Francisco,47,48474
1412,Bailey Ewing,erika64@example.org,San Francisco,30,42898
1413,Joel Figueroa,pittsmary@example.net,San Francisco,55,98781
1414,Dan Valdez,morganwatts@example.com,San Francisco,55,125233
1415,Wendy Welch,kdiaz@example.com,San Francisco,23,85561
1416,Stacie Cannon,beverly86@example.com,San Francisco,50,132577
1417,Michael Cook,zachary90@example.com,San Francisco,29,48359
1418,Christopher Matthews,mlynch@example.org,San Francisco,63,86453
1419,Michael White,qsmith@example.org,San Francisco,24,134223
1420,Claire Dominguez,lewisdavid@example.net,San Francisco,37,114678
1421,Kaitlin Green,moorejohn@example.net,San Francisco,36,135389
1422,Donna Ward,imiller@example.net,San Francisco,21,133534
1423,Andrea Adams,bryan95@example.com,San Francisco,58,104331
1424,Kaitlyn Estrada,matthew92@example.org,San Francisco,47,132303
1425,Jacob Andrade,angela06@example.org,San Francisco,28,91936
1426,Michael Saunders,charlenewalker@example.org,San Francisco,33,126743
1427,Charles Nash,ugarcia@example.org,San Francisco,48,80609
1428,Taylor Banks,todd26@example.net,San Francisco,54,131384
1429,Sarah Porter,xhill@example.com,San Francisco,63,79932
1430,Michael Prince,curtissmith@example.org,San Francisco,41,70482
1431,Dr. Molly Williams DDS,vstewart@example.com,San Francisco,56,144650
1432,Teresa Christensen,amy05@example.net,San Francisco,52,93364
1433,Aaron Conway,ftucker@example.com,San Francisco,29,140440
1434,Jeffrey Chapman,xschmidt@example.net,San Francisco,54,129302
1435,Jessica Lee,sfloyd@example.com,San Francisco,57,81216
1436,Dana Robinson,lisa74@example.net,San Francisco,20,119900
1437,Valerie Gonzalez,jray@example.org,San Francisco,23,133338
1438,Tara Jordan,waynejensen@example.org,San Francisco,42,116997
1439,Christopher Washington,andreafowler@example.org,San Francisco,27,141531
1440,Erik Morris,dariusroberts@example.com,San Francisco,24,120458
1441,April Kennedy,ejohnson@example.net,San Francisco,24,109438
1442,Carla Jones,stefanie77@example.org,San Francisco,46,135732
1443,Jennifer Smith,beverly98@example.org,San Francisco,30,136017
1444,Edward Rowland,pauldiaz@example.net,San Francisco,32,72610
1445,Joseph Bell,gdrake@example.net,San Francisco,58,141414
1446,Melanie Leach,shawn31@example.net,San Francisco,31,149542
1447,Dawn Baker,bbrown@example.org,San Francisco,31,43864
1448,Erica Morgan,tim74@example.org,San Francisco,61,104877
1449,Christopher Thomas,zachary75@example.com,San Francisco,27,83488
1450,Angel Vincent,reillykatelyn@example.net,San Francisco,25,52341
1451,James Watkins,davidlopez@example.net,San Francisco,45,115235
1452,Richard Hull,bridget54@example.com,San Francisco,64,129830
1453,Jessica James,justin59@example.org,San Francisco,44,145501
1454,Destiny Frost,riley71@example.org,San Francisco,46,89976
1455,David Pace,hamptonkathryn@example.com,San Francisco,64,102181
1456,Jacob Moody,cheyenne75@example.net,San Francisco,28,84996
1457,Alicia Foster,williamcross@example.org,San Francisco,31,52564
1458,Sydney Fox,ugallagher@example.net,San Francisco,39,86551
1459,Matthew Arnold,djoyce@example.com,San Francisco,31,132702
1460,Kevin Harrison,biancahess@example.net,San Francisco,47,73031
1461,Jeffrey Cruz,carrolldiane@example.com,San Francisco,51,51892
1462,Erika Rogers,gibbskaren@example.net,San Francisco,31,74144
1463,Diamond Cox,wallacedonald@example.com,San Francisco,45,66293
1464,Leonard Dudley,parksandre@example.com,San Francisco,34,86032
1465,Michelle Norris,richardhernandez@example.net,San Francisco,61,122969
1466,Dylan Young,christine15@example.com,San Francisco,25,84527
1467,Mr. Jeremy Harris MD,zmartin@example.net,San Francisco,48,138541
1468,Brandon Suarez,glambert@example.net,San Francisco,26,108664
1469,Adrienne Murphy,kathy80@example.com,San Francisco,36,42673
1470,James Montgomery,hthomas@example.org,San Francisco,58,47982
1471,Theresa Johnson,byang@example.com,San Francisco,55,47752
1472,Colton Williams,ewest@example.org,San Francisco,63,88909
1473,Emily Kelley,lharrington@example.com,San Francisco,26,62087
1474,Kelly Cook,jcarroll@example.org,San Francisco,20,109352
1475,William Hardy,kylewalker@example.org,San Francisco,20,40610
1476,Aaron Mercado,ashleypoole@example.net,San Francisco,40,90430
1477,Daniel Russell,frances83@example.com,San Francisco,39,43624
1478,Pamela Hickman,mramos@example.net,San Francisco,56,113841
1479,George Gutierrez,xwells@example.com,San Francisco,43,49094
1480,Joann Sanchez,kelly05@example.net,San Francisco,31,64704
1481,Maureen Ramos,michaelsmith@example.org,San Francisco,60,121378
1482,Michael Pratt,johnsonamber@example.com,San Francisco,51,63827
1483,Kelsey Hernandez,todd45@example.com,San Francisco,54,68622
1484,Amber Smith,shelly04@example.org,San Francisco,42,52709
1485,Richard Moss,bethany16@example.com,San Francisco,63,60273
1486,Michael Patterson,millercynthia@example.net,San Francisco,58,89042
1487,Jeffrey Hall,allen47@example.net,San Francisco,56,63190
1488,Amanda Williams,matthew40@example.net,San Francisco,48,132585
1489,Brenda Sims,sullivanpatricia@example.net,San Francisco,31,106496
1490,Tammy Cruz,cindy56@example.net,San Francisco,29,146739
1491,Michael Huang,knappjeffrey@example.net,San Francisco,48,43976
1492,Justin Powell,ktaylor@example.com,San Francisco,59,45082
1493,Ray Hendricks,washingtonalexandria@example.org,San Francisco,54,144024
1494,Austin Hines,monica24@example.com,San Francisco,27,145801
1495,Shelby Salazar,pmorales@example.net,San Francisco,39,78198
1496,Patricia Blair,michael98@example.org,San Francisco,26,85751
1497,William Barrera,ksimpson@example.com,San Francisco,63,63647
1498,Adam Johnston,rodgersbrent@example.net,San Francisco,57,107959
1499,Jo Jones,farleywalter@example.org,San Francisco,30,53070
1500,Tracy Chung,walkerandrew@example.net,San Francisco,51,65317
5001,Jamie Rodriguez,andreadiaz@example.org,Los Angeles,58,65349
5002,Gabriel Pennington,xcowan@example.com,Los Angeles,59,89223
5003,Christopher Bailey,crodriguez@example.com,Los Angeles,49,131309
5004,Jodi Jackson,kristinraymond@example.net,Los Angeles,55,95966
5005,Jonathan Reese,tracy50@example.net,Los Angeles,48,60254
5006,Justin Wagner,owilson@example.net,Los Angeles,55,53580
5007,Peter Schroeder,cantubenjamin@example.com,Los Angeles,41,77272
5008,Todd Wilcox,mary47@example.org,Los Angeles,43,63531
5009,Felicia Charles,katie52@example.com,Los Angeles,35,109325
5010,Warren Fleming,carolmoody@example.net,Los Angeles,32,97990
5011,Monica Wood,kellermary@example.org,Los Angeles,22,91965
5012,Tara Meyers,kingwilliam@example.com,Los Angeles,23,107970
5013,Larry Cochran,seanwheeler@example.com,Los Angeles,57,57947
5014,Emily Thompson,asantiago@example.net,Los Angeles,53,56921
5015,Diana Lowe,samuel40@example.org,Los Angeles,40,114119
5016,Caleb Bell,eric55@example.com,Los Angeles,56,120377
5017,Craig Roth,fcortez@example.org,Los Angeles,54,113376
5018,Teresa Roy,melvin09@example.net,Los Angeles,45,116615
5019,Timothy Harrell,kendra75@example.org,Los Angeles,32,82035
5020,Steven Gordon,dixonjoshua@example.net,Los Angeles,40,62757
5021,Melissa Gonzales,zjones@example.org,Los Angeles,48,70957
5022,Andrew Beck,tracymayer@example.net,Los Angeles,38,127095
5023,Brittany Harrison,jwright@example.com,Los Angeles,47,97984
5024,Jeremy Le,ncarter@example.com,Los Angeles,47,94422
5025,Rebecca Heath,kathryn87@example.net,Los Angeles,25,109286
5026,Nicole Silva,theresaroberts@example.net,Los Angeles,21,109387
5027,Rachel Harris,freed@example.org,Los Angeles,26,87141
5028,Sandra Christensen MD,jenna90@example.net,Los Angeles,55,108452
5029,Jared Henderson,nlucas@example.org,Los Angeles,59,95961
5030,Bill Martinez,nancywebb@example.net,Los Angeles,39,110223
5031,David Williams,angelaferguson@example.org,Los Angeles,38,134660
5032,Matthew Pope,huntdaniel@example.com,Los Angeles,23,114147
5033,Robert Moore,dtaylor@example.org,Los Angeles,22,69651
5034,Courtney Rice,stephanie11@example.com,Los Angeles,25,85254
5035,Stephen Shannon,gstephens@example.com,Los Angeles,57,119878
5036,Mr. Brandon Stewart,smithnicholas@example.com,Los Angeles,54,67722
5037,Jason White,sgomez@example.com,Los Angeles,40,51285
5038,Charles Durham,lisacollins@example.com,Los Angeles,54,48665
5039,Lisa Thomas,daniel82@example.com,Los Angeles,23,84707
5040,Annette Conner,matthewmoses@example.org,Los Angeles,44,69672
5041,Joseph Johnson,michelle99@example.com,Los Angeles,42,115485
5042,Alicia Taylor,johnsonyolanda@example.com,Los Angeles,23,134674
5043,Catherine Blanchard,xbarnes@example.org,Los Angeles,47,111633
5044,Mrs. Kristen Farmer,danielwilliams@example.org,Los Angeles,53,68368
5045,Craig Fox,rmiller@example.org,Los Angeles,52,93604
5046,Chloe Smith,anthonywilliams@example.net,Los Angeles,22,73114
5047,Cassandra Flynn,lsmith@example.net,Los Angeles,26,104930
5048,Katherine Palmer,patricia79@example.net,Los Angeles,31,74041
5049,Sarah Jensen,hallsteven@example.net,Los Angeles,40,54563
5050,Gary Thompson,geraldandrews@example.net,Los Angeles,33,109916
5051,Tracey Murphy,rodriguezbrittany@example.net,Los Angeles,33,119861
5052,Michael Singleton,tracy54@example.org,Los Angeles,60,125349
5053,Katie Morales,michael47@example.net,Los Angeles,20,50928
5054,John Soto,jilladams@example.com,Los Angeles,44,72004
5055,Jason George,timothybell@example.net,Los Angeles,27,83068
5056,Mariah Ramirez,amy87@example.com,Los Angeles,20,76508
5057,Shannon Porter,ncosta@example.net,Los Angeles,41,68207
5058,Cole Wallace,codykoch@example.org,Los Angeles,44,74933
5059,Wendy Mann,campbelljason@example.org,Los Angeles,43,97685
5060,Jade Fisher,hbaker@example.org,Los Angeles,22,65437
5061,Jared Davis,vanessasellers@example.com,Los Angeles,29,123479
5062,Samuel Graham,lisareyes@example.net,Los Angeles,35,126495
5063,Angela Hughes,david66@example.org,Los Angeles,36,100422
5064,James Carter,jamessmith@example.com,Los Angeles,56,138083
5065,Jerry Guzman,leslie40@example.com,Los Angeles,60,85598
5066,Lindsey Walsh,anthony19@example.net,Los Angeles,33,130634
5067,Ryan Sherman,robert73@example.net,Los Angeles,37,98635
5068,Robert Cuevas,carly17@example.com,Los Angeles,20,99511
5069,Christopher Rodriguez,hernandezjacob@example.net,Los Angeles,46,94431
5070,Jamie Gamble,sandersmark@example.com,Los Angeles,37,69837
5071,Edward Jackson,michaelgriffin@example.com,Los Angeles,51,78216
5072,Matthew Carpenter,thomas75@example.org,Los Angeles,58,46367
5073,Micheal Shields,rbenson@example.com,Los Angeles,60,135770
5074,William Stewart,hacevedo@example.net,Los Angeles,45,50478
5075,Sarah Warren,moralesjessica@example.org,Los Angeles,48,61893
5076,Wesley Stewart,davisjonathan@example.net,Los Angeles,34,54243
5077,Christopher Miles,virginia46@example.com,Los Angeles,60,59992
5078,Thomas Mcconnell,vjones@example.com,Los Angeles,27,65830
5079,Stacey Baker,flemingrichard@example.com,Los Angeles,51,53716
5080,Tony Pena,thomas03@example.com,Los Angeles,31,115377
5081,Bryan Hooper,fitzpatrickrichard@example.org,Los Angeles,40,66937
5082,James Clark,wilsonemily@example.com,Los Angeles,36,134247
5083,Daniel Davis,gibsonanthony@example.org,Los Angeles,45,82330
5084,Julie James,bgreen@example.org,Los Angeles,54,82544
5085,Mary Christian,kelly26@example.net,Los Angeles,38,119725
5086,Steven Kim,melissajones@example.com,Los Angeles,36,59220
5087,Christine Farmer,kevinguerrero@example.org,Los Angeles,27,96761
5088,Dawn Lutz,natalie66@example.org,Los Angeles,32,56338
5089,Paul Thomas,stephaniebrown@example.com,Los Angeles,55,110269
5090,Sonya Martinez,hoganroberto@example.net,Los Angeles,32,61661
5091,Anthony Stone,corey59@example.org,Los Angeles,53,49678
5092,Thomas Henderson,dylan74@example.com,Los Angeles,50,107759
5093,Cole Schaefer,pottskaren@example.com,Los Angeles,26,59602
5094,Emily Jordan,debbie41@example.org,Los Angeles,34,49984
5095,Cindy Baird,velazquezdarlene@example.com,Los Angeles,44,69179
5096,Natalie Clarke,shermanalexander@example.com,Los Angeles,25,135913
5097,Sarah Williams,knichols@example.net,Los Angeles,24,76686
5098,Jodi Bennett,grantkatie@example.org,Los Angeles,47,125651
5099,Mrs. Melissa Morris,danielle74@example.com,Los Angeles,43,102423
5100,Derek Walker,wwright@example.net,Los Angeles,29,102936
5101,Brandon Simmons,eric53@example.org,Los Angeles,58,50380
5102,Sarah Webb,brandon09@example.org,Los Angeles,52,69768
5103,Bradley Adkins,christine89@example.net,Los Angeles,33,86670
5104,Mathew Rojas,gary05@example.net,Los Angeles,22,119553
5105,Teresa Johnson,timothy92@example.net,Los Angeles,20,65016
5106,Derek Blair,dsanders@example.com,Los Angeles,41,77873
5107,Natalie Obrien,keithsimmons@example.net,Los Angeles,31,90890
5108,Kyle Hensley,burnettjennifer@example.net,Los Angeles,49,71299
5109,Rachel Thompson,nhunt@example.org,Los Angeles,23,96290
5110,Kim Fitzgerald,longlauren@example.org,Los Angeles,44,65066
5111,Brittany Contreras,stevensbrandi@example.net,Los Angeles,38,111269
5112,Julian Osborne,jasonsosa@example.org,Los Angeles,24,74522
5113,John Taylor,summersjeanette@example.org,Los Angeles,31,127210
5114,Hailey Sherman,lmartinez@example.net,Los Angeles,32,89025
5115,Brian Hanna,lopezkylie@example.com,Los Angeles,48,48317
5116,Kathleen Thomas,debra37@example.com,Los Angeles,48,54094
5117,Richard Lowe,jennifer09@example.com,Los Angeles,35,123860
5118,Jeffrey Allen,xgreen@example.net,Los Angeles,53,82723
5119,Ana Fletcher,douglas05@example.net,Los Angeles,55,66115
5120,Tyler Leon,stephaniemckee@example.org,Los Angeles,29,116712
5121,Laura Howard,zsnyder@example.net,Los Angeles,40,52433
5122,Jennifer Powers,tracystevens@example.com,Los Angeles,27,134753
5123,Daniel Griffith,hendersonerin@example.org,Los Angeles,24,98729
5124,Charles Allen,garciapamela@example.org,Los Angeles,53,115028
5125,Daniel Rodriguez,xmurphy@example.net,Los Angeles,21,126079
5126,Sean Sullivan,stephanie41@example.org,Los Angeles,30,139906
5127,Rodney Martinez,melissaescobar@example.net,Los Angeles,40,93545
5128,Mr. Paul Tanner,xbrown@example.net,Los Angeles,22,63807
5129,Christine Guerra,wrightalexander@example.net,Los Angeles,26,134694
5130,Kristina Gonzales,timothyjackson@example.org,Los Angeles,34,45773
5131,Ashley Cabrera,donaldbanks@example.net,Los Angeles,44,45448
5132,Zachary Carlson,gjones@example.net,Los Angeles,56,52656
5133,Timothy Kirby,joseph98@example.net,Los Angeles,44,119311
5134,Regina Fernandez,seanramirez@example.net,Los Angeles,27,74428
5135,Patrick Hall,davislaura@example.com,Los Angeles,60,49613
5136,David Adams,kevindiaz@example.com,Los Angeles,56,116510
5137,Scott Khan,smithrobin@example.com,Los Angeles,24,47594
5138,Tony Stone,sallyarnold@example.org,Los Angeles,50,119906
5139,Peggy Johnson,annettereese@example.net,Los Angeles,44,82023
5140,Amy Arias PhD,travis98@example.org,Los Angeles,59,95694
5141,Kaylee Doyle,stevengay@example.com,Los Angeles,48,76151
5142,Ariel Henson,javierjohnson@example.org,Los Angeles,51,125295
5143,Jason Snow,newmanelaine@example.com,Los Angeles,36,90239
5144,Taylor Davis,higginsheidi@example.org,Los Angeles,60,104635
5145,Leslie Rogers MD,tracybarber@example.org,Los Angeles,50,65072
5146,Anthony Freeman,kaufmanalan@example.org,Los Angeles,49,115314
5147,Mr. Daniel Perry,natashakemp@example.com,Los Angeles,43,74339
5148,Mrs. Beverly Woods,myersmaria@example.com,Los Angeles,29,82599
5149,Elizabeth Evans,sarah32@example.com,Los Angeles,60,67852
5150,Tammy Brown,ilandry@example.net,Los Angeles,44,78713
5151,Allison Moran,patrickherman@example.com,Los Angeles,30,93244
5152,Barbara Johnson,vhatfield@example.net,Los Angeles,21,101588
5153,Gregory Dunn,boonelee@example.net,Los Angeles,39,63872
5154,Thomas Medina,zryan@example.net,Los Angeles,22,105284
5155,Frank Murphy,vduarte@example.net,Los Angeles,46,138151
5156,Penny Holloway,lbaker@example.org,Los Angeles,54,74751
5157,Debbie House,rebecca55@example.com,Los Angeles,45,61387
5158,Dr. Adam Cobb,wilsonphillip@example.com,Los Angeles,60,91260
5159,Lindsay Carlson,austinpollard@example.org,Los Angeles,33,98188
5160,David Burton,morgan58@example.org,Los Angeles,46,99752
5161,John Duncan,krista46@example.com,Los Angeles,49,104285
5162,David Cherry,williamskelly@example.org,Los Angeles,48,95913
5163,Jason Sweeney,cindy68@example.org,Los Angeles,49,92652
5164,Walter Pacheco,george60@example.com,Los Angeles,41,87730
5165,Kristen Jacobs DVM,ucoleman@example.com,Los Angeles,45,62447
5166,Bradley Lee,hortoncarrie@example.net,Los Angeles,53,71989
5167,William Rodriguez,sparkspatrick@example.org,Los Angeles,35,73437
5168,Jacqueline Hawkins,richardsonmark@example.org,Los Angeles,32,119499
5169,Brian Bentley,eparrish@example.com,Los Angeles,32,131419
5170,Mark Sutton,eavery@example.net,Los Angeles,59,92633
5171,Sherry Cardenas,garretthannah@example.org,Los Angeles,49,116854
5172,Brooke Wright,dmorales@example.org,Los Angeles,46,94127
5173,Victor Garcia,samantha46@example.net,Los Angeles,39,72985
5174,Jacob Vaughan,johnparker@example.net,Los Angeles,45,63524
5175,Cathy Kline,delacruzmelissa@example.org,Los Angeles,50,59240
5176,Mackenzie Nelson,katrina92@example.net,Los Angeles,54,130490
5177,Mitchell Werner,robbinsjoseph@example.com,Los Angeles,48,84363
5178,Susan Johnston,andrew09@example.net,Los Angeles,59,99017
5179,Gerald Hodges,penny39@example.org,Los Angeles,23,71137
5180,Donna Figueroa,pcastro@example.com,Los Angeles,33,89260
5181,Karen Wade,qbarnes@example.net,Los Angeles,55,65541
5182,Daniel Schmidt,john25@example.org,Los Angeles,44,112829
5183,Sarah Gibson,imartinez@example.net,Los Angeles,47,68634
5184,Jeremy Roman,zcoleman@example.org,Los Angeles,48,48124
5185,Angela Martinez,patriciamartin@example.com,Los Angeles,33,95589
5186,Kenneth Wong,danielgraham@example.net,Los Angeles,56,132424
5187,Timothy Smith DDS,cwalton@example.com,Los Angeles,31,80824
5188,Allison Brooks,ngross@example.net,Los Angeles,56,65428
5189,Megan Baird,twilliams@example.com,Los Angeles,45,120375
5190,Karen Olson,nelsonmichael@example.com,Los Angeles,32,64750
5191,Julie Schaefer,tanyaferrell@example.net,Los Angeles,46,86483
5192,Bradley Richardson,jonathan40@example.net,Los Angeles,49,77204
5193,Lisa Dean,stephen52@example.com,Los Angeles,28,108790
5194,Mark Henry,sarah84@example.com,Los Angeles,40,125000
5195,George Caldwell,wmyers@example.net,Los Angeles,59,114545
5196,David Morgan,teresa05@example.org,Los Angeles,60,49627
5197,Dr. Tiffany Deleon DDS,thomasgross@example.org,Los Angeles,26,53566
5198,Michelle Hampton,uprice@example.net,Los Angeles,25,47813
5199,Kristie Brown,mckenzie26@example.com,Los Angeles,20,51914
5200,Jason Henderson,frenchjacob@example.com,Los Angeles,41,56789
