product_id,product_name,category,price,stock
1,Official Product,Beauty,1794.87,32
2,Begin Product,Electronics,2819.98,480
3,Table Product,Books,3245.84,253
4,Outside Product,Sports,2575.84,85
5,Drug Product,Grocery,3389.26,492
6,Event Product,Grocery,4003.73,145
7,Teach Product,Grocery,1786.53,216
8,Start Product,Electronics,1083.77,277
9,Government Product,Fashion,3083.12,69
10,Vote Product,Fashion,984.24,301
11,Practice Product,Fashion,3379.14,187
12,Right Product,Fashion,1348.81,104
13,Future Product,Fashion,2086.01,470
14,Sound Product,Electronics,3879.46,291
15,Level Product,Grocery,4526.72,422
16,Idea Product,Fashion,3253.07,79
17,Opportunity Product,Electronics,1577.5,322
18,Western Product,Electronics,3026.91,426
19,Myself Product,Grocery,3415.33,163
20,Drive Product,Beauty,1065.4,364
21,That Product,Home,415.61,327
22,Sign Product,Electronics,3445.56,389
23,Available Product,Beauty,264.24,24
24,Conference Product,Fashion,2221.22,365
25,Music Product,Home,3147.08,411
26,Approach Product,Home,2852.02,328
27,Professor Product,Grocery,3060.17,478
28,No Product,Home,1930.39,136
29,Interest Product,Books,4264.63,464
30,Magazine Product,Electronics,4248.78,134
31,Same Product,Home,4479.48,263
32,West Product,Beauty,2678.79,69
33,Join Product,Beauty,3250.61,353
34,Billion Product,Sports,4374.69,182
35,Think Product,Home,1418.45,35
36,Stock Product,Electronics,1210.79,117
37,Against Product,Home,2137.79,115
38,Follow Product,Sports,1551.08,270
39,East Product,Sports,3938.44,255
40,Bad Product,Home,1067.82,118
41,Spend Product,Beauty,192.45,414
42,Yet Product,Grocery,2889.12,268
43,Exactly Product,Home,1287.02,241
44,Part Product,Books,1365.36,393
45,Interesting Product,Books,2854.31,461
46,Crime Product,Books,4263.51,489
47,Bed Product,Home,1869.76,420
48,Threat Product,Fashion,4289.23,371
49,Meeting Product,Fashion,4446.65,324
50,Majority Product,Beauty,3514.37,283
51,Among Product,Beauty,4773.74,426
52,Green Product,Sports,3906.42,65
53,Computer Product,Sports,442.4,65
54,Before Product,Electronics,4777.36,201
55,Father Product,Grocery,1503.06,488
56,Area Product,Grocery,1314.84,387
57,Produce Product,Sports,3297.55,328
58,Speech Product,Books,2450.52,415
59,Cover Product,Beauty,1752.43,234
60,Talk Product,Fashion,2660.99,347
61,Lot Product,Electronics,1558.95,274
62,Where Product,Home,332.11,85
63,Nice Product,Home,2410.72,184
64,Might Product,Grocery,3910.79,413
65,Occur Product,Beauty,464.4,265
66,Series Product,Grocery,3182.43,229
67,Issue Product,Books,493.2,354
68,Sign Product,Electronics,2242.18,479
69,Add Product,Fashion,2894.77,108
70,Drop Product,Books,1037.21,133
71,Them Product,Grocery,1743.53,180
72,Road Product,Grocery,3204.58,445
73,Hold Product,Books,4895.63,172
74,Wife Product,Electronics,2319.21,192
75,Only Product,Sports,2532.83,232
76,All Product,Grocery,4707.17,100
77,Significant Product,Sports,2560.56,345
78,Energy Product,Electronics,4752.69,326
79,Tend Product,Sports,1552.81,434
80,Pick Product,Fashion,758.32,385
81,Sport Product,Home,4439.67,23
82,Career Product,Sports,3858.33,459
83,Beat Product,Electronics,3282.27,201
84,Face Product,Beauty,2424.82,396
85,Music Product,Fashion,4082.95,328
86,Fact Product,Beauty,2275.37,215
87,Determine Product,Grocery,1834.97,226
88,End Product,Home,4140.72,130
89,Pattern Product,Grocery,1637.92,485
90,Tonight Product,Beauty,2939.23,417
91,Item Product,Grocery,2368.0,290
92,Edge Product,Home,428.77,140
93,Bar Product,Fashion,4663.84,389
94,Deal Product,Home,1412.13,333
95,Network Product,Books,2870.42,213
96,Option Product,Grocery,3875.74,269
97,Democrat Product,Sports,186.7,457
98,Exactly Product,Books,2603.71,433
99,Factor Product,Sports,1029.94,79
100,Congress Product,Beauty,2004.12,107
101,Recently Product,Grocery,1305.63,422
102,Begin Product,Books,1686.19,172
103,Wait Product,Home,4436.99,239
104,Recognize Product,Beauty,2925.74,453
105,Wide Product,Fashion,3954.05,168
106,View Product,Grocery,376.17,72
107,Age Product,Sports,4046.42,125
108,Their Product,Home,747.89,235
109,Public Product,Fashion,1773.69,403
110,Way Product,Home,1699.99,25
111,Design Product,Books,4218.97,208
112,Fight Product,Books,407.75,315
113,Special Product,Beauty,1166.28,77
114,Charge Product,Electronics,2350.45,419
115,Suggest Product,Beauty,2354.95,263
116,Away Product,Grocery,4218.38,459
117,Oil Product,Beauty,255.86,374
118,Opportunity Product,Beauty,567.4,277
119,Under Product,Beauty,4058.82,350
120,Mind Product,Sports,4596.94,468
121,Particularly Product,Beauty,3925.96,256
122,Up Product,Books,3844.68,13
123,By Product,Books,3040.29,244
124,Entire Product,Fashion,4988.65,37
125,Money Product,Books,2699.9,85
126,Short Product,Beauty,3784.6,98
127,Prepare Product,Grocery,4822.92,155
128,Cup Product,Fashion,2641.71,333
129,Allow Product,Books,3163.58,188
130,Health Product,Beauty,948.1,401
131,End Product,Books,4973.73,348
132,Between Product,Books,3278.25,170
133,Draw Product,Books,3542.79,407
134,Suffer Product,Grocery,2342.66,431
135,Body Product,Sports,3022.98,204
136,Why Product,Sports,1872.08,436
137,Organization Product,Home,1649.78,380
138,On Product,Home,4509.87,205
139,Suffer Product,Fashion,2978.36,222
140,Middle Product,Electronics,3462.5,207
141,We Product,Sports,2943.07,477
142,Necessary Product,Grocery,1001.66,47
143,Traditional Product,Sports,2526.91,482
144,Hear Product,Home,2708.4,397
145,Open Product,Books,2278.95,241
146,Hour Product,Home,4226.77,316
147,Phone Product,Grocery,1912.95,124
148,Yet Product,Books,739.62,333
149,Have Product,Grocery,1961.65,133
150,Fish Product,Beauty,2944.88,234
151,Home Product,Fashion,3153.46,368
152,Room Product,Electronics,1904.88,380
153,Generation Product,Sports,893.73,445
154,Pick Product,Fashion,3156.17,412
155,Fast Product,Home,3377.72,180
156,To Product,Home,2539.08,161
157,Read Product,Beauty,1076.6,172
158,Company Product,Home,2586.04,253
159,Participant Product,Electronics,4168.19,163
160,Interesting Product,Books,1310.2,45
161,We Product,Home,466.59,284
162,Form Product,Grocery,3076.39,393
163,Billion Product,Beauty,839.27,402
164,Buy Product,Books,4215.14,177
165,Which Product,Grocery,1341.81,473
166,Police Product,Fashion,3964.85,170
167,Rich Product,Books,577.18,155
168,Keep Product,Home,1254.18,288
169,About Product,Beauty,3366.15,191
170,Reason Product,Books,4844.73,384
171,Hope Product,Books,2525.36,207
172,Culture Product,Grocery,184.31,22
173,No Product,Home,3236.46,323
174,Message Product,Grocery,3350.37,435
175,Ask Product,Grocery,1681.76,253
176,Security Product,Grocery,795.27,50
177,Investment Product,Home,1706.58,484
178,Community Product,Grocery,3890.76,319
179,Idea Product,Grocery,1836.26,259
180,And Product,Beauty,482.91,38
181,If Product,Grocery,127.11,308
182,System Product,Fashion,750.6,477
183,Too Product,Books,1327.41,84
184,Action Product,Books,3282.18,310
185,Author Product,Fashion,972.82,145
186,Four Product,Home,944.81,243
187,Off Product,Home,2683.38,265
188,Describe Product,Sports,1509.63,145
189,Hit Product,Electronics,2966.71,137
190,Book Product,Home,3431.67,97
191,Apply Product,Sports,971.81,320
192,Republican Product,Books,4996.68,419
193,Girl Product,Electronics,4729.27,200
194,Attorney Product,Sports,3252.45,12
195,Resource Product,Fashion,850.79,212
196,Nature Product,Sports,2271.69,27
197,Region Product,Fashion,3213.23,414
198,Year Product,Books,884.07,307
199,Stay Product,Beauty,1283.13,376
200,Fast Product,Home,2769.99,214
201,Yet Product,Books,1126.53,136
202,Allow Product,Fashion,3742.86,382
203,American Product,Fashion,3531.27,169
204,Data Product,Sports,4126.5,230
205,Seek Product,Beauty,1791.23,227
206,Manager Product,Fashion,3318.64,487
207,Garden Product,Grocery,4373.04,386
208,Pressure Product,Grocery,449.44,379
209,Process Product,Grocery,1435.96,478
210,Above Product,Sports,1703.29,416
211,Reveal Product,Grocery,1676.77,83
212,Matter Product,Grocery,657.97,114
213,Baby Product,Grocery,552.67,474
214,Traditional Product,Fashion,3025.73,448
215,Experience Product,Beauty,732.32,196
216,Building Product,Fashion,703.31,177
217,Likely Product,Grocery,2826.14,356
218,Easy Product,Electronics,4821.52,405
219,Future Product,Sports,3280.59,215
220,Until Product,Sports,1003.39,462
221,Job Product,Sports,2588.76,317
222,Might Product,Electronics,3332.05,112
223,Shoulder Product,Electronics,2543.19,319
224,Father Product,Sports,3666.08,478
225,Design Product,Books,2885.53,202
226,Bag Product,Grocery,3438.16,272
227,Develop Product,Home,4550.31,170
228,Heavy Product,Fashion,845.27,336
229,Accept Product,Home,324.28,53
230,Meet Product,Grocery,1041.16,165
231,Mrs Product,Electronics,178.54,176
232,Ground Product,Home,3759.19,162
233,Effort Product,Electronics,3533.55,473
234,Message Product,Electronics,2399.33,483
235,It Product,Fashion,2760.67,219
236,Least Product,Sports,4788.49,353
237,Cup Product,Books,3078.02,374
238,Big Product,Beauty,1920.03,410
239,Account Product,Home,4627.38,232
240,How Product,Home,4810.61,422
241,Education Product,Sports,148.91,138
242,Term Product,Home,1828.69,326
243,Everything Product,Books,2792.71,452
244,Live Product,Electronics,2869.35,265
245,Write Product,Electronics,3025.03,126
246,Place Product,Sports,1526.83,345
247,Over Product,Beauty,601.57,73
248,Risk Product,Grocery,2243.59,244
249,Serve Product,Home,2782.39,149
250,Trip Product,Sports,4927.09,191
251,Dog Product,Sports,257.45,35
252,Place Product,Home,4438.3,164
253,Important Product,Home,1840.78,454
254,Tend Product,Beauty,4120.17,54
255,Record Product,Sports,1207.1,12
256,Eight Product,Books,4582.68,41
257,Security Product,Sports,1907.74,343
258,Fact Product,Books,4926.73,405
259,Production Product,Grocery,1104.68,338
260,Goal Product,Sports,350.34,457
261,School Product,Beauty,1304.28,212
262,Building Product,Beauty,729.99,449
263,Whole Product,Electronics,706.82,106
264,Mouth Product,Fashion,4014.32,137
265,Teacher Product,Electronics,2911.21,109
266,This Product,Sports,1369.49,414
267,Claim Product,Beauty,4705.88,236
268,Understand Product,Sports,3034.19,146
269,Plan Product,Beauty,1717.39,304
270,Media Product,Sports,1211.75,401
271,None Product,Electronics,1143.82,97
272,Make Product,Books,4359.66,452
273,Team Product,Home,3514.52,427
274,Help Product,Electronics,288.84,36
275,War Product,Fashion,3779.01,386
276,Walk Product,Beauty,1182.64,472
277,Address Product,Fashion,4246.85,141
278,Claim Product,Fashion,4641.76,84
279,Appear Product,Grocery,3954.23,394
280,Fund Product,Sports,3202.83,114
281,Or Product,Beauty,3251.27,30
282,Hour Product,Home,4390.89,194
283,Administration Product,Beauty,1510.95,251
284,Little Product,Beauty,1319.83,196
285,Bag Product,Grocery,2385.92,94
286,Source Product,Home,3057.57,73
287,Effect Product,Books,3661.76,104
288,Interview Product,Electronics,181.95,217
289,Attention Product,Fashion,3122.84,197
290,Environmental Product,Sports,4127.79,498
291,Human Product,Fashion,3504.24,77
292,Our Product,Electronics,2587.94,404
293,Agreement Product,Beauty,4729.35,286
294,Smile Product,Beauty,1604.63,278
295,Miss Product,Fashion,2078.16,231
296,Imagine Product,Home,2605.33,120
297,Real Product,Home,2712.28,209
298,Surface Product,Sports,3224.47,127
299,Baby Product,Fashion,1168.98,38
300,Plan Product,Beauty,3362.24,470
